음식,수치인 여부
초코파이,수치인
비요뜨 초코링,수치아웃
성심당 아몬드크로와상 샤 메론케이크,수치인
마이노멀 저당 청사과바 ⭕️,수치인
스타벅스 라떼 초코케익,미분류
1 소금빵 반개에 제로 아이스크림 티코처럼 생긴거,수치인
꼬깔콘 성분 좋네요,수치인
슈가 두부 도너츠,수치인
라라스위 말차 스윗저당 말차 초코바,수치인
이거 정말 고 혈당 착해요,수치인
여기 그래놀라도 어요 ㅎㅎ,수치인
1 얼린 우유 200,미분류
첫 여름 복숭아 딱복 반개,수치인
라라스윗 저당콘,수치인
마틸다 초코케이크 만들고 혈당체크,미분류
초코폭탄카스테라,수치인
뚜레쥬르 쫀득못난이감자치즈빵 했어요,수치인
유키모찌 저당 초코바 피스타치오 ⭕️,미분류
디저트39 저당도쿄롤,수치인
변비 혈당 다잡았어요 ㅠㅠㅠㅠㅠㅠㅠㅠㅠㅠㅠㅠㅠㅠㅠ,수치인
디저트39 저당도쿄롤,수치아웃
세븐에 파는 저지푸딩 일본 우유푸딩,수치인
저 지금 이거 있어요 제로볶이 음,수치인
파리바게트 피자빵 했어요,수치인
투썸 생크림 카스테라,수치인
초코링,미분류
투썸 티라미수,수치인
럿데제로쿠키,수치인
저당 소보로빵 성공,수치인
투썸 티라미수 디카페 콜드브루,미분류
코스트코 당류0g과자,미분류
액트투 팝콘 스크류바 제로,수치인
애플사이다비니거 드셔보신분,미분류
크리스피도넛 2개,수치인
초코케익 넘 먹구싶어요ㅠㅠ,수치인
저당그릭요거트만들기 꾸 우덕,미분류
복숭아 자두,수치인
아침 식후 으로 바나나 1 2,수치인
식후 두시간 103 확 하고 바로 컵빙 덜달게 주문,수치아웃
안그래도 야채타임 더 주문하면서 저당 케찹 바로 주문했어요 ㅋㅋ,수치인
올영 단백하니 프로틴바 -,미분류
옵스 슈크림빵,수치인
피코크 로우슈거 밀크푸딩,미분류
늦잠자는 바람에 하나 들고가서 주사없이 어요 ㅋㅋㅋㅋ,미분류
파리바게트 저당그릭요거트 케이크,수치인
저당먹을바에 안,미분류
ㅎㅎ솔직히 반신반의 하긴 했어요 아이스크림이니까ㅋㅋ,미분류
바스크초코 치즈케이크 행복했다,수치인
저는 체험단으로 먼저 맛보고 초코맛 너 무 어서 추가로 구매했어요😂,수치인
터랙트 오는 날 두개 ⭕️,수치인
저당 황치즈도넛🥴,수치인
장에 갔다가 유명하다는 찹쌀떡을 사왔는데요,수치아웃
베스킨 저당 민초 싱글레귤러,수치인
홈런볼 메론우유맛,수치인
메론킥 반봉지 18알 정도,수치인
저당 옥수수크림소금빵🥐🥖,수치아웃
으아 많이 절제하셨네요😭😭 저도 크로플에 달달이 크림커피 먹구싶어용,미분류
오옹 제로 곤약젤리 푸룬화이버,미분류
다이제씬 우유,수치인
비요뜨 후렌치파이 매실,수치인
라라스윗 저당 아이스크림은 믿고 도 되네요 ㅋㅋ,수치인
초코가 너무 싶을때 휘태커스 초콜릿 한조각 요,수치인
에이스 너므착해요,미분류
초코 싶을때 🍫🍪앳킨스아몬드클러스터,미분류
몽쉘이 좋은건 임당이신 분들 한정 거였나봐요,수치인
딥앤로우 초코쫀득,미분류
파리바게트 흑임자크림소보루빵 🥯,수치인
빵이 너무 싶어서,수치인
저 빵의 반이요,수치인
초코다이제 2개와 저지방락토프리우유 190미리,수치인
컴포즈 바닐라라떼 치즈케익,수치인
터랙트 저도 봤어요 레몬파운드 스콘,미분류
복숭아 1알 에이스 센드 초코 2봉지,수치인
고로케 1개 ❌️,수치아웃
봄날엔 요거꿀떡,수치인
으로 먹는 요거트 해요,미분류
월드콘,수치인
디저트39 저당 타로라떼❌,미분류
그림의빵 초코크림빵 ⭕️,수치인
스타 바이럴같아서 안 사고 있었는데,미분류
에이스 플랫화이트맛,수치인
시 원하게 빵 일탈,미분류
1 팥 절미빙수 이지만,수치아웃
저당 크림빵,수치인
디저트 39 저당 딸기라떼,수치인
홈런볼 한봉 저지방우유락토프리 200미리,미분류
청년떡집 저당 땅콩절편,수치인
포카칩 야식으로 이요,수치아웃
빵은 역시 안되나봐요ㅠㅠㅠㅠ 너무 맛잇게 생겼네요 꺅,수치아웃
글레이즈드 도넛 맛에 왕쫄깃,수치인
딥앤로우 저당아이스크림,수치인
터랙트 케이크,수치인
요근래 자꾸 튀어요ㅠㅠ,미분류
제주여행 제로,수치인
제로 마일드 초콜릿,수치인
드디어 막달 효과 일까요ㅠ,미분류
아이스크림 해요 저당x,미분류
- 점심 메가커피 수박화채 4 1 - 갑자기 혈당 170까지뛰다가 1시간뒤 120으로 떨어짐,미분류
라라스윗 핫딜 개꿀,미분류
여태 안튀었으니 싶었던 설빙으로 일탈 한번만 해볼까 하는 마음에 블루베리 치즈설빙 시켰어요,수치인
라라스윗 저당 아이스크림 최고에요,수치인
야구르트xo 진짜 착하네요,미분류
케이크 생각날때마다 보기로 ㅋ,미분류
양배추계란어묵볶이 ㅜ,수치아웃
여름산모 아이스크림 대용품,미분류
카페 선정 기준이 항상 빵 는 곳이였는데,수치인
너무 행복해요♥️,수치인
실험 오늘도 들고왔어용 ㅎㅎ,수치인
여러분을 위해 는 가져왔어용,수치인
메가커피 라이트바닐라아몬드라떼 저당초코케잌,수치인
라라스윗 모나카,수치인
곤약팝콘,수치인
바질치즈 치아바타,수치인
레몬에이드 나랑드 제로사이다 레몬즙,수치인
얼마만에 아이스크림 초코 지 눈물나네요😭,수치인
통밀당 크리스피,수치인
라라스윗 사랑입니다,수치인
상하이 스파이스 치킨버거 을 때 빵 한 쪽 날리고,수치아웃
라라스윗 저당콘 진짜 착하네요,미분류
은 아니고 아침으로 곰곰 통밀 베이글,수치아웃
메가커피 해서 기뻐요,수치인
롯데 설탕제로 아이스쿠키앤크림바,수치인
잇츠베러 제로슈가 쿠키 더블초코,수치인
롯데리아 데리버거,수치인
필라델피아 치즈크림 딸기,수치인
브라보콘 초코콘 포테토칩,수치인
바나나랑 고구마 혈당체크는 몇분뒤해야할까요,미분류
몽쉘 1개,수치인
노티드 저당 도넛,수치인
메가커피 저당초코케이크,수치인
화이트리에 식빵 드셔보신분,수치인
저당 월드콘 ㅠ,수치인
폴바셋 티라미수 아이스크림 라떼 디카페,미분류
롯데 제로 쿠앤크 샌드,수치인
으로 무설탕두유 1 또는 아몬드브리즈1 또는,미분류
컴포즈 블루베리 스무디 오트우유로 바꾸고 펄 추가해서 먹으면 혈당 많이 튈까요,수치인
라라스윗 콘,수치인
일반빵은 이네요ㅜ,수치아웃
홈메이드 식빵 치즈케이크,수치인
코스트코 블루베리 베이글,수치인
직접 만든 저당초코케이크로 했어요,수치인
황남빵 🥲,수치아웃
비비드 바닐라라떼 조아용🥰,수치인
일반 몽쉘생크림케이크 카카오요,수치인
호떡은 그냥 포기하는걸로,수치인
라라스윗 사랑입니다😍,수치인
파리바게트,수치인
상투과자 ㅠㅠ,수치인
풀무원 저당 대파크림치즈 베이글,수치인
저당 월드콘,수치인
Gs25 유어스 저당 바닐라라떼 혈당보고,미분류
이건 어떤가요,미분류
사과잼이랑 시나몬이요,수치인
쑥크림갸또케잌 쑥크럼블라떼,수치아웃
초코가 넘 싶어서,수치인
비락식혜 제로 그러나 많이 오름,수치인
설탕이 들어가지않은 초코우유,미분류
라라스윗 저당 모나카 ♡,수치인
스벅 딸기카포네 샌드케이크 🥹,수치인
저당 쿨피스 사 봤어요,수치인
슈크림라떼 일단은 이네요,수치인
월드콘 저당,수치인
현미 쑥버무리,수치인
스타벅스 슈크림라떼,수치인
플레 요거트,수치인
저당바나나우유,미분류
오뜨 치즈맛,수치인
메가커피 저당케이크,수치인
그래서 우유 몽쉘 제 최애조합이요 ❤️,수치아웃
계란모닝빵,미분류
뚱카롱 는데 완전 안정적,수치아웃
임당 빵떡집 혈당 괜찮네용,수치인
미숫가루,수치인
치즈 넣어서 단호박 피자 만들어봤어여ㅎㅎ,수치인
마이노멀 저당 초코잼,수치인
라라스윗 우유 모나카,미분류
스타벅스 딸기치즈케이크,수치인
미주라비스켓 같은경우는,미분류
던킨 제로슈거 도넛 혈당스파이크,수치아웃
제로 초코칩쿠키 우유말먹,수치인
발렌타 기념으로 초코파운드 만들어먹기,미분류
치즈케이쿠 완전좋네요,미분류
오 투썸 초코도 좋나보네요 종종 티라미슈 좋다는글은 봤거든요,수치인
메가 저당 케이크 실패 OTL,수치인
설탕없이 모짜렐라치즈만 들어있는 핫도그 어요,수치인
라라스윗 저당 초콜릿 초코바 cca주스 했습니다,수치인
꿀떡 욕심냈다가,수치인
욕망의 컬리바구니,미분류
는데 도 안오르는 과자,수치인
라라스윗 바닐라초코바 연속 3일,수치인
노티드 저당도넛,수치인
와플 프렌치토스트 ❌,수치아웃
어제 마라탕 해서 폭주,수치인
미주라 통밀도너츠 바치케 성공,수치아웃
룩트 그래놀라,수치인
메가 아몬드라이트바닐라 라떼,수치인
먹다 찍은 사진 아니고 딱 아래 사진 만큼 네요 ㅋㅋㅋ 한조각도 아니고 한 손바닥 은 되나,수치인
몽쉘에 우유한잔,미분류
오리온 초코칩쿠키 왜,수치인
영화관 팝콘에 곰팡이같은 색이 정상이래요,수치인
막달효과 가봐요,미분류
터렉스 다른 디저트류도 좋더라구용 쿠키 버터바도 좋았어요😆,수치인
제로과자 저도안맞네요,미분류
신라면 작은컵,수치인
아이스크림 싶어서 마트갓더니 라라스윗은없어서 이거라도 사와서 먹엇는데 한시간 109나왔어요,미분류
그냥기분좋게 어요ㅎㅎㅎㅎㅎㅎ,미분류
라라스윗 저당 크림소금빵 X,수치인
늘보리 술빵,미분류
노티드 우유생크림도넛,수치아웃
바로 구매하러 갑니다,수치인
크리스피도넛,수치인
이 과자 괜찮은거같아요,수치인
찰떡아이스크림1개,수치인
치즈케익사놧는데 다음번엔 티라미수 도전해야겠군요👍👍,수치인
오늘 황남빵,수치인
72겹 크림식빵 라라스윗 저당롤 반씩,수치인
생식빵 두쪽에 191🤣🤣🤣,수치인
홍시 아이스크림,수치인
라라스윗 저당단팥호빵,수치인
필라델피아 오레오 치즈케이크,수치인
찹쌀꽈배기 감동,수치인
라라스윗 저당크림소금빵 ⭕️,수치인
이거 한개로 안참아지던데 5개 다 야 만족되는 과자,수치인
오늘의 야식 황태채구이 간장마요,수치인
노티드 크림도넛1개 글레이즈드 반개,수치아웃
라라스윗 저당 호빵,수치인
통밀당 초코파이,수치인
핫초코,수치인
투썸 케이크,수치인
마시멜로 진짜 미쳐써요ㅜ,미분류
요즘 라라스윗 쿠앤크 초코바 아이스크림먹는데,수치인
식후 으로 저당롤,미분류
결국 못참고 NO설탕 NO밀가루 바스크치즈케이크,수치인
스벅 신메뉴 아이스더블에스프레소크림라떼,수치인
투썸 치즈케이크,수치인
파리바게트 산딸기 롤케이크,미분류
스벅 초콜릿 괜찮네요,수치인
스벅 토피넛라떼 ⭕️,수치인
너무 무서운 귤,수치아웃
어제 저녁에 팥붕어빵 1개 2000보 걸어서,수치인
홀린듯이 포카칩,미분류
그동안 바나나를 안 는데 가 괜찮아요 ㅎㅎ,수치인
메가커피 저당케이크 제로초코칩쿠키 짱,미분류
한봉뜯었어여 쿠키6개 들어있는데 냠냠,미분류
점심 식2후에 커피를 천천히 오래 출출해서,수치인
디저트39 제로슈가 바닐라라떼,수치인
연세우유 피넛버터생크림빵 1 2,수치인
라라스윗 아이스크림 바닐라 초코바,수치아웃
스벅 마롱라떼 케이크 빵,수치아웃
널담 마카롱 르뱅쿠키 혈당반응,미분류
방울 토마토,미분류
메가커피 저당초코케이크,미분류
스벅 바스크초코 치즈케이크,미분류
미주라 통밀크래커,미분류
메가커피 저당초코케이크,수치인
오늘도사부작,미분류
투썸 클래식가토쇼콜라,수치인
메가커피 저당케이크,미분류
성심당 빵이 너무 싶어서ㅎㅎ사온 것들 하나씩 도전중이에요,미분류
라라스윗 저당 생크림빵 🥲,수치인
마이노멀 초코볼 넘 착하네요,미분류
카페 보다보니까 저당 빵 아이스크림 등 보여서,미분류
집에서 만든 에그마요 샌드위치,수치인
샌드위치가 싶어서,미분류
매일 클래식 라떼 이에용,수치인
마카롱 다쿠아즈 👍🏻,수치인
전 여기서 나오는 브라우니도 좋아해요 너무 커서 반으로 나눠 요,미분류
미니찹쌀도나쓰,수치인
크림도넛이 너무 싶어서ㅠㅠ,수치인
저당베이글,수치인
라라스윗 초코모나카,수치인
라라스윗 저당라떼 황치즈롤,미분류
봉지과자는 뒤로 튀네요,수치인
포 쿠키 드셔보셨어요,수치인
모찌빵,수치인
떡 위험하다 위험하다 하는데 정말 무시무시하네영ㅋㅋ,미분류
꽈배기랑 찹살도너츠 3시간째 ㅠㅠ,수치아웃
닥터유프로 단백질바 으로,수치아웃
라라스윗 초코 모나카 으로 는데 150 이요 왜이런거져 ㅠㅠㅠㅠㅠ,수치아웃
디카페 라떼,수치인
몽쉘 부여알밤 버전 ❌️,수치아웃
크리스피크림도넛 오리지널 글레이즈드 도넛1개 했어요🍩,수치인
에그타르트 무모한 도전이었어요 ㅠㅠ,수치인
멜론 110g 합격,수치아웃
당뇨빵,수치아웃
폴라포 커피 제로슈가도 있던데 보고 싶네여 ㅎㅎ,수치인
속세 -쿠앤크 아이스크림 퍼먹는거,수치인
라라스윗 저당 생크림롤,미분류
젤라또와플 녹차 초코크림 해서 반개 어요,미분류
디저트39 슬림타로,수치아웃
끼리 치즈케익 하나 어요,수치인
이삭토스트,수치인
마가렛트 2봉지,수치인
제로카카오케이크1봉 참쌀선과2봉 성공,미분류
헉 먹을까 말까 고민하던건데 바로 야겠어여,수치인
라떼 1 2 버터바 하나 처참한 ㅎ,수치아웃
채널A 몸신의 탄생 에서 꽁짜 다이어트하실 분을 찾습니다,미분류
임당식단 시작하고 제대로된 치즈케이크,수치아웃
배 1 4개,수치아웃
제가 사는 지역에 당뇨빵을 찾아보다,수치인
카스타드 착하네요ㅋㅋ,수치아웃
위트빅스 2조각 그릭요거트 혈당 충격이네요,수치인
몽쉘카카오1 참크래커1,수치인
식탐 때문에 다이어트가 너무 어렵네요,수치인
뚜레쥬르 치즈케이크빵,수치인
라라스윗 저당 바닐라라떼 ⭕️,미분류
베라 아몬드봉봉,수치아웃
저녁12시 넘어서,미분류
마이노멀 잼잼바 아이스크림 쓴맛,수치인
노브랜드 치즈케이크,수치인
월드콘❎❎❎,수치아웃
기성품 과자 너무 감동적이야😆 하면서요 ㅋㅋ,미분류
마이노멀 신메뉴 잼잼바 아슈크림 맛나용,미분류
연세우유크림빵 이지만 만족해요,수치아웃
머드스콘 통밀츄러콘 1 2 식1 ⭕,수치인
공차 블랙밀크티 펄 ❌️,수치아웃
빵 너무 맛잇네요,수치인
빵 케익 저세상 ㅎㅎ,미분류
아이스크림 혈당 괜찮은거 찾았어요,수치인
저지방 우유 한잔 마셨더니,미분류
한살림 옥수수로 만든 팝콘,수치인
후유아 서리태 콩물두유,미분류
아이스크림 생귤탱귤 제로,수치인
치즈만들어있어서 괜찮은가봐요,수치인
아이비랑 치즈를 주 으로 먹다가 에이스에 도전해 봤어요,수치인
한잠 자고 일어낫더니 너무 갈증이 나서 디키페 이랑 티라미수 케이크 시켜서 먹엇어요,수치인
비요뜨 초코링,수치인
스콘 만들어서 는데 좋아요,미분류
연세우유저당생크림빵 1 4쪽,수치아웃
바나나오트밀쿠키 만들었어요,수치인
떡볶이가 너무너무 싶었는데,수치인
아오리사과 반쪽,수치아웃
라라스윗 황치즈롤 있어요,미분류
오예스 피스타치오 1개 식1 137 나왔어요ㅠㅠ,수치아웃
일어나자마자 고삐풀렸어요,수치인
오예스 피스타치오 아몬드브리즈언스위트,미분류
아이스크림케이크 나왔는데 라라스윗꺼네요,미분류
떡 먹엇어요,수치아웃
뚜레쥬르 깨찰빵,수치인
꽈배기,수치아웃
114나와서 내일부터는 안재고 꾸준히 복숭아랑 번갈아가며 야겠어요,수치인
체리 6개,수치인
거반도 납작복숭아,미분류
팥모나카가 너무 싶은데 먹기 무서워서 둘러보다 라라스윗 팥모니카 아이스크림이 있길래 사봤어요,수치아웃
라라스윗 초코바 와우,미분류
오예스 피스타치오,수치아웃
연세우유저당생크림빵 으로 도전했어요,수치인
무서운 콘칩,수치인
직접구운 치즈케이크😋,미분류
그릭요거트 만들었어요,수치인
소중한 복호두 한 알,수치인
초록사과 풋사과,수치아웃
버렸어요 단팥빵,수치인
몽쉘 카카오,수치인
성심당 명란바게트,미분류
요거트 어떤거 드시나요,수치인
저는 무지방 우유랑 앞꼬다리 조금 먹다가,미분류
마시멜로 초코쿠키,미분류
100우유크림이라 진짜 긴하더라구요,미분류
홈런볼 소금우유 ㅜ,수치아웃
아이스크림 미주라과자,수치인
조금 단 커피나 좋아하시는 분들은,미분류
사랑해요 몽쉘,수치인
미숫가루 혈당 괜찮으신가요 스파이크 폭발 할 것 같은데ㅜㅜ,수치인
룩트아이스크림 ⭕️,수치인
홈런볼 소금우유맛 한개 다 1시간뒤에 쟀는데 107로 해서 공유드려용,수치인
편의점 에 혈당 충격,수치인
블루베리요거트 케이크,수치인
쫄깃한 피자빵,미분류
새로나온 제로 수박바,미분류
지미하다 단팥빵 1 2 매우,수치아웃
다크초콜릿 아몬드,수치인
콘칩초당옥수수랑 사또밥,수치인
아니 샐러드 포케랩이 왜 튀죠,미분류
스타벅스 햄앤루꼴라샌드위치,수치인
요아정 딸기 초코쉘 저당 아이스크림,수치인
으로 몽쉘이요,수치인
현미누룽지 카나페,수치인
애플수박,미분류
라라스윗 애플민트 파 트,미분류
미친척 공차 타로밀크티30 도전결과,수치아웃
널담쿠키 흑임자크림치즈,미분류
밥 ㅋㅋ 성공 102,수치인
초코칩스콘,미분류
신비복숭아 못참고 버렸어요ㅠ,수치아웃
변비 있으신 분들 마주스 해요,미분류
라라스윗 초코 제로쿠앤쿠샌드 2봉,미분류
맥도날드 초코 선데이아이스크림,미분류
저당바닐라딥라떼 ㅎㅎ,미분류
다이제오트 ㅠㅠ,수치아웃
백도 복숭아가 싶은데 되셨던 분들 있을까요,수치인
섭취 후 혈당체크는 꼭 하시길 바래요😊,수치인
과일은 복숭아 작은거하나 섭취,수치인
물론 요아정은 토핑이 중요한거 같던데 좀 참고 1 분에 초코팝핑추가하고 집에있는 저당 초코그래놀라 뿌려 어요,수치인
수박 너무 싶어서 어요,수치인
디저트39 슬림요거트스무디 좋네요,미분류
컴포즈커피 치즈케이크 제로슈가 아이스티,미분류
통밀스콘,미분류
이디야 치즈케이크,수치인
마이노멀 바닐라 아이스크림 아포가토 로아커 통밀웨하스,수치인
첫눈애 팥빙수1 2 라라스윗 빵샌드1 2,미분류
노브랜드 치즈케잌,수치인
치즈케이크만 먹으니 질려요ㅠㅠㅠ,수치인
초코를 진짜 사랑하는 사람 데,수치아웃
파리바게뜨 피자빵,수치인
오뚜기 치즈크러스트 페퍼로니피자,수치인
소금빵 성공,수치인
아이스라떼와 널담 쿠키 성공,수치인
노티드 크림 도넛 성공,미분류
저는 메가커피 라이트시럽 바닐라라떼,수치인
더벤티 저당바닐라라떼👍👍,수치인
스타벅스 바스크치즈케이크,수치인
꼬깔콘 매드핫 괜찮네요🙂,수치인
오감자 탈락,수치아웃
다신샵 곤약현미 김밥 드셔보신분,수치인
떡 드시고 싶으신분들 이거 드세요,수치인
노브랜드치즈케이크 👌,수치인
초코첵스 시리얼컵❌️,수치아웃
맥도날드 디카페 아이스크림라떼 👏,수치인
바닐라라떼 한잔의 행복,미분류
제로앙버터스콘⭕,미분류
뻥튀기아이스크림 만들어먹기,미분류
너무 먹도 싶을땐 어떻게 하세요,수치인
더벤티에 저당 요거트스무디 나온거 아시나요 ㅎㅎ,수치인
당이 엄청 들어갓나바여 포카칩 이엿는데 세개 133 ㄷㄷ,수치인
저도 아직 안 봤지만 커피도 안먹는 사람이라 그동안 스벅은 갈 생각도 못했는데 ㅎㅎ,수치인
과자파티도하고 초코우유도 맘껏 먹을거에용ㅠㅠ,수치인
카카오몽쉘 너무 좋아요,수치인
첫째 등원시키고 포테토칩🥔,미분류
아몬드 쿠키 만들었어요,수치아웃
포카칩 큰 거 한봉지 다 어요 ㅎ 행복했던 이야기,수치아웃
마이노멀 사과잼 발라먹으니 기존 사과잼보다 더 더라구요,미분류
임당통과했는데 150,미분류
과자한봉지 탈탈털어서 콜라벌컥벌컥 하고싶어요ㅠ,미분류
노브랜드 치케 진짜 안 튀네요,수치인
오오 커피머핀💛 너무 죠ㅎㅎ 혈당도 안오르고 맛도있구용ㅎㅎ,미분류
월드콘❌️,미분류
두유 는거 좀 해주세요,수치인
제로 스크류바⭕️,미분류
이마트에서 발굴했어요,수치인
종류요,수치인
토마토,수치인
더벤티 저당바닐라라떼 성공❣️,미분류
제로아이스크림 쟁이기 몽쉘1 제로스크류바1,수치인
오렌지 는데 몇분 후 재고 기준은 몇 가요,미분류
간만에 아몬드가루로 빵만들어 쟁였어요,미분류
약과도넛 봤어요,수치아웃
스타벅스 더블레몬블렌디드 이에요,수치인
메가 커피 말차스모어쿠키,수치아웃
제로베이커리 제로스콘 우유1잔 겨우,수치아웃
스타벅스 말차라떼,수치인
제로 쿠키 크림 아이스바,수치인
라라스윗 저당 말차 초코바,수치인
사과 땅콩잼 ⭕️,수치인
디요거트 아이스크림 봤어요,수치인
라라스윗 초콜릿 초코바 ⭕️,수치인
널담쿠키 녹차마카다미아 ⭕️,수치인
바스크치즈케이크,미분류
빵을 너 무 좋아하는,수치아웃
스벅 아이스 얼그레이바닐라티라떼,수치인
라라스윗 말차 초코바 ⭕️,수치인
몽쉘하나 초코쿠키,수치인
라라스윗 팥모나카 식30 혈당⭕️,수치인
제로 죠스바,수치인
과자먹느니,미분류
라라스윗 바닐라 초코바 ⭕️,수치인
떡도 나요,미분류
빵순이 또 공유해요,수치인
터랙트 말차버터바 스타벅스 두유라떼 성공,미분류
딱 절반만 천천히 마셔야 하나바여 ㅠㅠ,수치아웃
일반 대파 스콘,수치인
라라스윗 팥 모나카,미분류
참크래커 크림치즈20g ⭕️,수치인
뭔가 과자느낌 나는게 너무너무 땡겨서,수치인
컴포즈커피 돌체라떼,수치인
스벅 치즈케이크 아이스 히비스커스,미분류
더진한 서울우유플레 요거트 ⭕️,수치인
저도 유명해서 봤는데 딱 안텁텁한 요거트 아이스크림 이어서 어용,수치인
네 그림의빵도 같이 는데도 이요 ㅎㅎ,수치인
디저트 39 딸기 요거트 라떼,수치인
몽쉘 안녕,수치인
믹스커피 크리스피롤,수치아웃
빵순이 공유,수치인
딸기 5알 30분 후 ⭕️,수치아웃
그릭요거트 어디꺼 드세용,미분류
던킨올리브츄이스티 드셔보세요,미분류
빠바 치즈케이크 1조각 ❤️,수치인
끼리 딥앤크런치,미분류
노브랜드 치즈케이크 1 8 조각 ⭕️,수치인
토마토1단위 피칸 6알 ⭕️,수치인
초코휘낭시에,수치인
치즈케이크 홀 1 4 다,수치인
라라브레드 글루텐프리 저당 치즈케잌👍🏻,미분류
오늘,수치인
저도 초코관련된거먹으믄 가슴이두근두근거리고 좀속이안좋더라구여 ㅜ그래도단게땡기니 먹을땐 먹네요,미분류
스타벅스 돌체라떼 넘무 싶어서 어요,미분류
건강한 임당 후 첫 과일🍓,미분류
스벅 클라우드 치즈케이크,수치인
롯데 제로당 초콜렛 두번째,미분류
커피랑 케이크 너무 쟈나😱🥳,수치인
초코렛,미분류
스벅 스턴트커피 😑 커피머신도 사야하나요,수치아웃
널담쿠키 이요,수치인
그릭요거트 블루베리 얼려 먹으면 어요👍,수치인
이거 으로 괜찮은지 봐주세요,수치인
1994양과점,수치인
⭕️ 스벅 초콜릿크림칩 프푸,수치인
ㄷㅂㅌ 크랜베리 촉촉한 초코칩 1 2개,수치인
공유 젤라또 라라스윗 초코크로와상,수치인
오늘은 그림의빵 우유크림빵,수치인
아이스쿨 혈당 좋아요,수치인
그림의빵 초코크림빵,수치인
구구크러스터 아이스크림 봤어요,미분류
터랙트 호카쿠키 행복한,수치인
과자 은 끊었었는데,수치인
터랙트 헤이카카오,수치인
곧 도착하길 바래요 긴 해요 ㅡ 식후 혈당이 괜찮으면 한 팩씩 쑥쑥,수치인
터랙트 스콘,미분류
라라스윗 모나카,미분류
아침과 대용으로 빵찾고있었는데,미분류
필라델피아 치즈케이크,수치인
라떼마시면 튀는 혈당이라 맨날 아아만 먹다가 한번 시도해봤는데 이틀 연속 혈당 안정적이길래 공유해봅니당 🥳,수치인
올드페리 도넛 너무 싶어서 하신분 글 보고 용기내서 참다참다 마켓컬리로 주문했어요 남편이랑,수치인
Gs편의점 우유생크림빵,수치인
스벅 슈크림라떼 👏👏,수치인
쿠키타임이랑 우유 200ml,미분류
팀홀튼 도넛,수치인
지미하다 통밀빵 네요 ㅠㅠ,미분류
내돈내산 데 행복해서 올려보는 터랙트 빵,수치인
지미하다 견과빵 이요,수치인
호떡 저세상 봤네요,미분류
라라스윗 저당초코롤 👍,수치인
라라스윗 저당 초코바,미분류
코스트코 머핀 반개 저지방우유 한잔,수치인
파 애플 ㄷㄷㄷ,수치인
휘낭시에 소금빵 200찍엇어욬ㅋㅋ,수치인
현미 그래놀라,수치아웃
초코아이스크림 신기해서올려요,미분류
그럼 됐어요 ㅎㅎ 저는 호떡 두입에 저세상 봤어서 이건 출산한 지금도 절대 안먹을꺼에요,미분류
빽다방 녹차라떼,수치아웃
점심 토스트랑 커피로 떼우기 ㅜㅜ,미분류
핫바류 2개사서 신랑이랑반씩 는데ㅠ,미분류
뿌링클,수치인
정신줄 놓고 딸기 는데 다행히 이요 ㅠ,수치인
파이브가이즈 햄버거 도전,수치인
ㅠㅠ자제가 힘들어요 과자가자꾸 땡기는,수치인
바나나 사과 모닝빵 시리얼 전부 덜덜한 음식아닌가영,수치인
저지방 노글루텐 케이크 선물 받아서 는데 했어요,수치인
유기농 땅콩 100 땅콩버터 한스푼씩 호밀식빵에 발라 는데 이틀째 혈당 튀고 ㅜㅜ,수치인
탄수가 부족한거 같아 에잇 밥으로 치자 하고 바로참쌀설병 1 5봉지,미분류
무알콜 맥주,미분류
제로초코칩쿠키,수치인
성분이 괜찮아 보이길래 주문한 과자 이요,수치인
기정떡,수치아웃
제로 모니카 얌얌,미분류
생초코바,수치인
트레이더스 떠먹는딸기초코크림 케익,미분류
저녁 식후 2시간 95 나온김에 1시간 반 있다가 으로 하겐다즈 녹차바 어요 식후 30분 82 나왔네요,수치인
비빔국수 치웠네요 ㅠ,미분류
지미하다빵 당근라페 샌드위치,미분류
토마토 노브랜드 우유스틱,미분류
치즈케이크 바닐라라떼,수치인
콘플레이크,미분류
노브랜드 랑그드샤 쿠키,수치인
저당의 배신 저당 모나카,수치인
고구마 계절,미분류
올드페리도넛 피넛버터도넛 어여,수치인
오예스 로스티드 그린티라떼 🙅‍♀️,미분류
라라스윗 넘 어요,수치인
원래 아침을 안 어서요 ㅠ 그래도 요즘에는 요거트 오트밀 견과류정도로 있어요,미분류
바삭바삭 어요 ㅎㅎㅎ,미분류
당 좋은 슬림쉐이크 👍,미분류
과자 엄청 좋아하는데 참다참다 임당 확정 후,수치인
몸보신,미분류
2봉지 도,수치인
너무 싶어서 딸기타르트 세입,수치인
편의점 프로틴 바,수치인
소금빵 아슬아슬하게,수치인
샌드위치 두유,수치인
로낭시에 - 저당 휘낭시에,수치인
고구마 옥수수,수치아웃
제가 과자 케익 빵을 좋아하는데 어떤 을 먹으면 좋을까요ㅠㅠ,수치인
빽다방 그린티 모카번빵,수치인
늦은 점심,미분류
사실 마음같아서는 삶은계란이 아니라 빵 과일 잔뜩 싶은 데,미분류
투썸케이크 ⭕️,수치인
저도 하길 10분뒤 재야해서 기다리고 잇어요 ㅋ ㅋ 아이스크림 대기중,수치인
카페 중독 햅쌀와플 아슬아슬,수치인
대추빵,수치아웃
이마트 피코크 치즈케이크,수치인
빽다방 소금빵,수치인
애플파이와 코코넛커피스무디,미분류
스타벅스,수치인
이시간 뿌링클 도전,수치인
시장에서 계란빵2개,미분류
딱히 과자가 땡기지 않아서 오늘 처음 봤습니당,수치인
바삭한 과자 싶은데 포카칩은 무섭고 해서,수치인
런던베이글,수치인
새해 일탈 연세빵♡,수치인
다 찍은 연세우유생크림컵,미분류
엘팡맛은 나름초코초코한데 당은안오르네요ㅎㅎ,수치아웃
우유크림 도넛,수치인
널담쿠키 처음 봤어요,수치인
단백질도넛,수치인
참크래커요 ㅠㅠ,수치인
오늘 첨으로 과자 봤어요 몽쉘,수치인
첫 과일요거트와 제로카카오케이크,수치인
딸기케익 ⭕️ 양평가시는분,수치인
노브랜드 옥수수콘스틱 한봉지,미분류
새로운,수치인
핫초코☺️,미분류
이디야 바닐라라떼,수치인
성심당 마들렌 드셔보신분계신가요,수치인
썬칩 대파크림치즈,미분류
초코파이,미분류
바삭하니 입 심심할때 먹기좋네용,미분류
파리크라상 생크림딸기 케이크 111,수치인
무화당 플레 스콘,미분류
레몬크림도넛 식후 1시간 128 ❌,수치아웃
귤이나 사과 딸기도 좋아요,수치인
딸기케이크와 아이스라떼 🫶🏻,수치인
슈크림 도미빵 3마리 🙆‍♀️,수치인
투썸 스초생 케이크 1 2 성공 ㅎㅎㅎ,미분류
널담 비건젤리 30분,수치인
떠먹는 케이크나 빵푸딩이 싶어서 찾아보다가,수치인
쿠키 이런거,수치인
니맛도내맛도 없는 현미칩,미분류
스타벅스 토피넛라떼 톨사이즈 시럽 1로 줄이고,수치인
저번에 사과 1단위 안되게 150 나와서,수치인
고구마 70g 테스트,미분류
라라스윗 초코바가,미분류
자기전에 바나나1 2개 잤더니,수치인
바로전 혈당이 108이긴했지만 그닥 잘나온건 아니죠,수치인
스타벅스 초콜릿생크림 케이크 👌,수치인
이 시간에 아이스크림 라라스윗,미분류
저도 딸기 싶었는데 임당재검떠서 참다가 딸기라떼 는데 속이안좋아서 차라리 딸기로먹을껄 후회했어요ㅋㅋ,수치인
곡물빵 아래만파고 야채듬뿍,미분류
진한 초콜릿이랑 똑같은 맛이예요,미분류
식단관리하면서 두유 방토 그릭요거트 외에는,수치인
라라스윗저당아이스크림,수치인
스타벅스 토피넛라떼 230ml,수치인
카카오쇼핑에서 아몬드초콜렛 팔길래 고민하다 사봤어요,수치인
과자,수치인
통밀당 모짜렐라 핫도그 이요,수치인
몽쉘 137,수치인
스타벅스 산타레드벨벳 치즈케이크1 2,수치인
계란빵 어찌 만드신건가요 통밀빵으로 도전해보고파여 ㅎㅎ,미분류
이디야 토피넛라떼,수치인
스타벅스 토피 넛 팡도르,수치인
호떡 ㅠㅠ,미분류
와 라라스윗 초코바 진짜 대박이에요👍,미분류
통밀크래커 딸기크림치즈 🥲,수치아웃
스타벅스 아이스말차크림 브륄레라떼 톨,수치인
디저트39 황치즈케이크 슬림청포도스무디,수치인
아몬드빼빼로 반봉지⭕️,수치아웃
아몬드빼빼로 한봉지,수치인
라라스윗 초코바 한끼두부면 직화짜장 좋아요,수치인
하루에 몇번 드세요,수치인
풀도넛 카카오 성분 착한 프로틴 도넛🫶🏻 ⭕️,수치인
비비드 바닐라라떼 괜찮네요,수치인
100프로 게중요한데 저는 올바름에서,미분류
파리바게트 고기잡채고로케 메가커피 와앙보름달피자빵,수치인
라라스윗 초코바 진짜 좋네요,미분류
바닐라라떼 🙅,수치아웃
몽쉘하나 👏🏻,수치아웃
이마트 바스크치즈케이크 좋아요 도전 고고,수치인
귤 한개에 129라니,수치아웃
타르트 두개 1시간후 117,수치인
파리바게트 치즈케이크 🫡,수치인
제로아이스크림 미니바이트,미분류
스벅 피스타치오 케이크⭕️,미분류
일탈 파바 생크림케이크,수치아웃
무화과 크림치즈 휘낭시에 ⭕️ 이지만 2시간째에도 변동은 없네요 🤣,수치인
흑임자바치케 저당아몬드스콘,수치인
진영단감,미분류
초코다이제 ㅠ,수치인
널담쿠키 아메리칸쿠키 황치즈,수치아웃
을 집 근처 당뇨빵으로 유명한 보리빵을,수치인
파바 피자빵 반절 약콩두유 ⭕️,수치인
라떼 초코머핀,수치인
라라스윗 생우유 모나카 반개,수치인
몽숼통통 괜찮네요,수치아웃
널담쿠키 딸기마카다미아,수치인
스벅 펌킨치즈케익,수치인
라라스윗 정말 착하네요ㅠㅠ,미분류
122나왔네요ㅜㅜ 두유라도 안마실껄 그랬나바요ㅜㅜ,수치아웃
고구마 😭,수치아웃
스타벅스 펌킨 크림치즈 케크 끼리빈츠,수치인
과일당은 원래 빨리 올랐다 떨어지나요,수치아웃
샤 머스캣5알,미분류
무지방우유 100에 첵스 15그람 말아 는데,미분류
쟈가리코 샐러드맛,미분류
스타벅스 크림치즈펀킨케익1 2,수치인
스타벅스 펌킨 케이크,수치인
마자요 질리면 힘드니까 여러가지 도전해보는게 젛은듯요 낼 공복도 좋기를 바랄게요,미분류
반시 한개,수치인
끌레도르 끼리아이스크림 🍦,미분류
크림빵 어요 완전행복,미분류
혹시 상큼한 케이크같은게 땡기시는 분은,수치인
치즈 휘낭시에 이요,수치인
몽쉘,수치인
크리스피크림 오리지널 글레이즈드 도넛 한개,수치인
태극당 로루케익,미분류
무화당 초코머핀,미분류
고정 널담 쿠키랑 밤호박 에그슬럿 ㅋㅋ,미분류
스타벅스 클라우드 치즈케익 반개 디카페 아아 1시간 후 108,수치인
사과 1 2개 더니 😭,미분류
집에서 만들어먹는 아 슈페너☺️,미분류
비쵸비 두개,수치아웃
공유- 에낙 과자 착한건지 아닌건지 모르겠는 과자 🥹지만 1시간은 아슬아슬 ⭕️,수치인
제로초코칩쿠키,수치아웃
진짜 몇달만에 던킨도너츠에서 도넛2개사서,수치아웃
널담쿠키 👏,수치인
미주라 통밀 도너츠 1개 🙆,수치인
스타벅스 크림치즈 펌킨 케이크,수치인
겠어요 최근에 까눌레랑 에그타르트 성공해서 자신감 붙었는데 한번 봐야겠어요,미분류
그릭요거트 키위1개 블루베리 😭,수치아웃
원래도 젤라또 중에서도 리조를 젤 좋아했던 저라서,수치인
생생감자칩 다시마소금맛,수치인
내일은 버터바 봐야겟어요 가좋아서 넘 기분좋아용🥰🥰,수치인
우유랑 싶네요,수치인
사과 과자,수치인
빈츠 끼리 혈당,미분류
월드콘 첫 시도 이용,수치아웃
손바닥정도면 많이드셨는데 괜찮네요 ㅎㅎㄹ,수치인
맛은 그냥 곡물 진한 맛이에요ㅋㅋ저 두유랑 미주라 도넛 반개 는데 1시간후 104 나왔어요ㅎ,수치인
저당 바닐라 라떼,수치인
호밀빵에 마이노멀블루베리잼 귤하나 우유,수치인
끼리 스틱치즈케이크 🧀🩵,미분류
편의점 저당 초코라떼,미분류
월드콘,수치아웃
파ㅅ쿠찌 티라미수 out,수치인
초코가 땡겨서 하나 묵었어요 ㅎㅎ,수치인
계란2개 아몬드가루로 만든 빵🍞 노밀가루 노설탕 5분베이킹,미분류
아침으로 게 있어요 빵순이 2개만 도 든든👊🏻,미분류
붕어싸만코,수치인
카페라떼 시켜서 먹다가 식후 2시간 혈당 괜찮아서,수치인
홍진경 더만두 으로 좋아요,수치인
월드콘 🙆,미분류
고메 핫도그 1시간 뒤 혈당 109,미분류
자기전에 티코아이스크림 먹으면 공복혈당 오르겠죠,수치인
당뇨 떡 1시간 후 122 나왔어요,수치인
제로 아이스크림🙆,수치인
먹은 후 당 재는 시간,수치인
복숭아 첫 도전,수치인
찰떡이빈이아리ㅋㅋㅋ 반갑습니다,미분류
바나나 첫 도전,수치인
구구콘이랑 성분 비교했는데 괜찮은거같아 는뎅 기분좋아요🫶🫶,수치인
라라스윗 초콜릿맛 통과,수치인
좀 봐주세요,수치아웃
구구콘 좋다해서 봣는데 구구콘 다 안 3 2 정도 먹엇는데 1시간 128이네요ㅜ,수치아웃
던킨 도넛1개,수치인
구구콘,미분류
칸츄리콘 성공이요,미분류
햇사레 복숭아1개,미분류
초코케이크나ㅡ초코빵도 이렇게 안높았는데,수치아웃
아이비 초코잼,미분류
바나나 1개 30분 뒤 😊,수치인
골드키위 1개 30분 😊,수치인
수박,수치인
바나나 안익은거 1개 1시간 141나왓는데,수치인
포도12알,미분류
또 먹으면 안되겠죠ㅠㅠ,수치아웃
안 튀긴 쌀과자 50g 먹은 후 2시간 혈당,미분류
크리스피도넛2개 무가당두유⭕️,수치아웃
복숭아 몇개 먹을 수 있나요,수치인
버터바 🙂,수치인
복숭아1개 한두시간뒤 빵반쪽은 어떨까요 텀이 길어서 나눠서 두번 도 될것같아요 점심을 이미드셨다면,미분류
봉지과자 콘칩,미분류
널담 레몬마들렌 🙂,수치인
카스타드 정말 괜찮네용 😆,수치인
속세의맛 야매 녹차라떼😃,미분류
치즈케이크 가 좋다해서,수치인
마카롱 🥹,수치인
이거 드셔보신분 있으신가요,미분류
아 주말엔 나름 티타임으로 혈당 안오르는 디저트류 저당 쿠키 등등 사서 과일 1회 대신 먹기도해요,수치아웃
뚜레쥬르 치즈케익,미분류
마트 팥빙수 ⭕️,수치인
허쉬 초콜렛바,미분류
버거는 늘 🍔,수치인
널담 쿠키가 좋은건지 막달효과 지 ⭕️,수치인
투썸 케이크 좋아요😘,수치인
세상 는 저당빵🤢 는,수치인
파바 생크림케이크 저번주에 사서,미분류
구구콘 ⭕️,수치인
두유,미분류
밥 대신 케이크3조각 나눠,수치아웃
아아 바스크치즈케이크 한조각 ⭕,미분류
스벅 초코케잌 우유⭕️,수치인
라라스윗 모나카 초코맛,수치인
이마트 yolow 아이스크림,수치인
일탈했어요 ㅋㅋ 도넛 반개,수치아웃
미친일탈 팥빙수,수치인
도 되나요ㅠㅠㅠ,수치인
스벅 바닐라크림콜드브루 치즈케이크 👌,수치인
꿀떡 세개 ♥,수치인
구구콘 했어요,수치아웃
액티비아 요거트 호두5알,수치인
공차 브라운슈가쥬얼리밀크티,수치인
파바 피자빵 무가당두유⭕️,수치인
파바 조각케잌 빵,수치인
다이제 씬 2장 우유 한컵,수치인
초코하임1봉지 미주라통밀쿠키 저당초코쨈,수치인
던킨 도넛 말차,수치인
으로 감자전 는데 배고프네요,미분류
다이제는 조금 헤비하네요 ㅠ,수치인
초코파이 무가당두유 ⭕️,수치인
널담 크림치즈쿠키 좋네요,미분류
닥터유 초코바 대박 이요,수치인
달달이 음료 마시고 싶었는데 두유로 바꿔서 저도 봐야겠어요,수치인
디저트39 제로당 음료 필델치케,미분류
어제 도착한 황도 제왕 복숭아,수치인
쥐포 1개,수치아웃
널담 마들렌1개,미분류
바로 뜯었습니다🙂,수치인
딱딱이 복숭아 좋네요,수치인
두유그릭요거트 고구마스틱 두입,수치인
임당 식단중 데 아침에 호밀 샌드위치 저녁에 샐러드나 밥 먹는데,수치인
마이노멀 아이스크림 50g 호두 다섯알,수치인
월드콘 빠이빠이 ㅠㅠ,수치아웃
사과고민하고있었늣데 도전해봐야겠어요,미분류
그림의빵 우유크림빵,미분류
산소빵 2개,수치인
파리바게트 참쑥빵,수치인
초코파이 기다리는중입니다 드시지마세요ㅠ,수치인
꼭 성공하시길 바래요😃😃😃,수치아웃
쌀로별과자를 안 드셨으면 했을지도요 😭,수치인
투썸 저당음료 레몬바질스파클링,미분류
‼️옥수수‼️,수치인
저 두부리또 아침에 식사로 요 ㅋㅋㅋ요거트,미분류
배고파서 참크래커 두 봉지,미분류
치즈케이크,수치인
혹시 초콜릿이라 더디게 오르는 걸까요,수치인
홈메이드 소보로빵,수치인
저당 크림롤빵 무당 카라멜마끼야또,수치인
스벅 씨솔트카라멜콜드브루,수치인
롯데 제로 밀크 모나카 1시간 118,미분류
필라델피아 오레오 치케 86 - 30분후 97,수치인
그래도 싶던 복숭아 서 기분이 너무 좋아요,수치인
컬리 머스크멜론 1 4통,미분류
미니핫도그,수치인
구구콘,수치인
황도복숭아 1개,미분류
컬리 훕훕 딸기 베이글,수치인
저당 아이스나 과자 요 일주일에 2 3번정도 식후2시간 안정적일때만요 😭 아기가 커서 더 자제하는 편이에요,수치인
빵5가지,미분류
구슬아이스크림 30분 126,미분류
고메핫도그 빅사이즈 1 3,수치인
감자샐러드,수치인
총동원,수치아웃
월드콘도 👌,수치인
임당산모가 먹을수있는 빵 쿠키,미분류
고구마 1시간 129,수치인
파리바게트 치즈케이크,수치인
참외 반개 오렌지 두조각,미분류
10 08분 무화당 크림 카스테라 반쪽 저지방 우유한컵 1시간후 95,미분류
통밀다이제 2개 1시간 108,수치인
앙버터호두과자3개 132,수치아웃
그래요 ㅋㅋㅋㅋ 과자는 포테토칩만 야 할까봐요 ㅋㅋㅋㅋㅋㅋㅋ,수치인
오오 이거 저 집에있는데 임신하고는 안 있었는데 한번 봐야겠어용 맛은 딱 녹차라떼 ❤️,미분류
민트초코를 20년이상 먹다가 못먹으니 대신할걸 찾아봤는데 오늘은 먹지 말아야될까요 🥺,수치인
필라델피아오레오치케 도전해봤어용,수치인
마이노멀 아이스크림 녹차맛,미분류
앤티앤스 아몬드크림치즈스틱,수치인
저는 디카페 라떼 자주마셔용 ㅎ,미분류
몽쉘생크림1개 미주라토스트비스켓2개 아이스크림 통과했어요,수치인
찰옥수수 진짜 손대지마세요ㅠㅠ,수치인
잔기지떡,수치아웃
앤티앤스 크림치즈스틱,미분류
이츠너츠 코코앤캐슈넛 -,수치인
통밀당 초코파이 네요ㅎ,수치인
꿀떡 8개 방울 증편 1개 🥹,수치인
수박은 절대 안되겠네요,수치아웃
저도 생크림 케이크 조금씩만 먹으면 잘나와서 자꾸 먹게되요 ㅠㅠ ㅋㅋㅋㅋㅋ,수치인
와 우유얼음 데 제볼땐 이미연유범벅,수치인
월드콘 1개 다 는데 이예요,수치인
DIY슈퍼말차 프라페 롤리폴리,미분류
여수 동백빵 화과자,수치아웃
참크래커 견과류 오이 하이트제로,수치인
엔젤리너스 치즈케이크 X,수치아웃
필라델피아 오레오치즈케이크,미분류
건푸룬 당 많이높나봐요 ㅠㅠ,미분류
생크림케이크 성공,미분류
치즈케이크 부탁드립니다,수치인
어제 처음으로 월드콘 어요,미분류
운동없이 한시간 후에 자는데,수치인
치즈케이크와 미주라초코도넛츠,미분류
고구마작은거 한개 쫄아있었는데요,수치인
월드콘도 116통과햇는데 운동 안하고도 와 거의 두달째 관리중 데 첨 보는 에요,미분류
보통보니 치즈케이크 많이이야기하시는데 치케는 당높이지않아요 한조각 다드시나요 궁금해요 🤔,수치인
요즘 매일 먹는 포카칩,수치인
예감 어제 처음으로 봤는데 가 아주 좋네요,수치아웃
코코넛볼,미분류
클라우드 치즈케이크 1개 다,수치인
오늘 슈퍼말차가서 두유로 바꾸고 블렌디드 는데 1시간후 97 괜찮았어요,수치인
저는 이것저것 용 과자랑 송편도 먹엇구 저당아이스크림도 먹구용ㅎㅎ 대신 쬐끔만먹엇어요ㅎㅎ,미분류
고소미 102 나왔어요,수치인
끌레도르 쿠키앤크림 어요😍,수치인
마트에서 겟 설탕제로 당류제로 초콜릿칩 쿠키와 누드케이크,수치인
두개 사와서 각 빵 1p빼고 합쳐서먹엇어용 패티 두개,수치인
메가커피 곡물라떼가 최선 줄 알았는데,수치인
바나나킥,수치아웃
딸기 블루베리 사과 복숭아 키위 맛 있었는데 당 낮은 블루베리로 골라서 사봤어여,수치인
이거 괜찮을까요 으로,수치인
미주라도넛 초코맛,수치인
사람마다 다다르긴한데 ㅎㅎㅎ 저는 몽쉘2개 미주라토스트2개 카스타드2개까지 괜찮았어요 ㅎㅎ,수치인
혈당최악 빵과 고구마 조합 정말 별로에요 ㅎㅎ,수치아웃
꼬칼꼰 반봉,수치아웃
스타벅스 치즈케이크,수치인
구운 찰떡ㅋㅋ,수치인
라라스윗 초코샌드 아이스크림,수치인
싶던 팥빵,수치아웃
고구마 실망이야 ㅠㅠ,수치아웃
점심 식후2시간 105 확 하자마자 바로 마셨어요,수치인
도 움직여야하나봐요,수치인
식사 두시간후 혈당체크,수치인
성심담 소보로 팥빵이요,수치아웃
오렌지 3쪽,수치인
미주라도넛 했어용,수치인
로만밀 통밀식빵 한장 ㅠㅠ,수치인
어제 짬뽕밥 도전하고 귀찮아서,수치아웃
라라스윗 할 해요,미분류
백설기랑 어묵꼬치 물떡 가래떡 식사로도😅❌,수치인
라라스윗 팥아이스크림 주문해 먹을까했는데,미분류
스타벅스 치즈케익 좋아요 30분 99,수치인
치킨부리또,수치인
입이 심심해서 식사 1시간체크후 바루 두 되나요,수치인
통밀다이제초코 으로 냠냠 🍫,미분류
저녁 식후 2시간 혈당 118 데 두유 으로 자도 될까요,수치인
경주 찰보리떡,수치인
백향과 패션후르츠 좋아하시는 분 중과 혈당 괜찮네요,수치인
스벅 바닐라크림프라푸치노,수치아웃
블루샥 샥라떼,수치인
맥반석오징어 이요,수치인
라라스윗 바닐라 아이스크림 괜찮은 것 같아요,수치인
마침 신랑이 도넛을 받아와가지고,수치아웃
돼지바 찰떡파이,미분류
통밀빵 해주세용,미분류
단팥빵 이정도면 선방한거라 생각해야겠어요😅,미분류
포두부과자 ⭕️,수치인
통밀모닝빵,수치아웃
바닐라라떼가 너무 싶어요,수치인
정줄놓고 쿠키를,미분류
피넛버터파우더 우유 1시간99⭕️,미분류
망고 아슬아슬,미분류
슈크림라떼,수치인
안성탕면 생라면 1 2,수치인
미니핫도그 딸기 아몬드브리즈언스위트,수치인
미주라초코통밀크로아상,수치인
슈크림라떼도전,수치인
햄버거 드실때 빵 한조각빼고 드심 괜찮더라고요,수치인
메가커피 그릭요거트딸기그레놀라,미분류
참외 사랑이쥬 전 아침혈당재고 바로 순삭했어요,미분류
의외의 음식들이 효자일때 넘 좋습니다 ✨,수치인
눈뜨자마자 과자로 손이 😂,미분류
라라스윗 모나카 아이스크림 ⭕️,수치인
롯데 팥빙수 ㅜ,미분류
맘모스빵 너무 좋아하는데 한조각은 아쉽네요 왕창 줄수있는데ㅋㅋㅋ 행복했던 시간이었습니당🥰,수치인
요즘 왜 이리 빵이 좋을까요,수치인
통밀당 초코파이🍩 우유🥛,수치인
초코퍼지 크런치 바,미분류
돌체라떼 싱기방기🍽️🍽️🍽️,수치인
연세우유 생크림빵,수치인
서진이네 보다가 핫도그 너무 싶어서 냉동실에 있는 치즈 소세지 핫도그 80g짜리 어요,수치인
제로케이크는 어디서 구매하셨나요 😊,미분류
제로 초콜릿칩 쿠키 2개,수치인
초코케이크,수치인
삼송빵집 통옥수수빵 0 5개 🙊,수치인
닭다리과자,수치인
와플대학 딸기생크림 와플,미분류
콩고물꽈배기로 먹는 낙 🫶🏻,미분류
이거뭐가문제일까요ㅠ첫시작,미분류
베스킨 엄마는외계 어요,미분류
로이스 감자초코칩 ❤️,미분류
축제가서 꽈배기 반쪽 소프트 아이스크림 2입 👍,수치인
고메 핫도그 한시간 98,미분류
엽떡 는데요,수치인
으로 요즘 거의 매일 먹는 연세생크림빵 🫶🏻,수치아웃
휘낭시에 그릭요거트 그래놀라 ⭕️,수치인
그릭요거트 그래놀라 사브레 ⭕️,수치인
마카롱 선물을 받아서,수치인
아몬드브리즈 오리지널 반도 같이 는데 갠찮겟죠ㅜㅜ,미분류
저 애기과자들 진짜맛잇어여 ㅋㅋㅋㅋ,미분류
초코렛 다섯조각 꺅,미분류
애플망고 30분 1시간 혈당,수치인
떡은 한시간 이어도 뒤로 튈수있네요ㅠㅠ,수치인
추가 - 떡 1 2시간 뒤,수치아웃
치즈케익☀️,수치인
입원해서 작은 아기 키우는 중 데 탄수 밥으로 대체했어요 ㅎ,수치인
수제 생초콜릿,미분류
우유랑 몽쉘이랑 너무 싶은데ㅠㅠ 가능할까요 ㅠㅠ,수치아웃
핫초코 마신후 혈당,수치인
포카칩 콘칩 밥그릇에 한그릇씩 소분해서,수치아웃
아이스크림,미분류
와 이런 공유 너무 좋아요ㅠㅠ 장바구니 담으러 갑니다,수치인
참크래커 아보카도 이네요,수치인
혈당 있어요,수치인
아이스크림,미분류
스타벅스 The 촉촉 초콜릿 생크림 케이크 무난히 이요,수치인
전 어제 우유맛으로 2 3 104로 했어요 ㅋ,수치인
임당 진단 받고 던킨 처음 봤어요,수치인
전 야 겠다면 반개보단 안전빵 ⅓을 먹겠어요 ㅎㅎㅎ,수치인
저녁 식 후 두시간 121 이면 드시나요,수치인
스벅 생크림카스테라 ❌️❌️❌️❌️❌️,수치아웃
딸기쨈,미분류
빵일탈,수치인
브이콘 맛나보야요 저도 다음에 도전 ㅎㅎ 이정도 일탈은 괜찮지 않나요 ㅠㅠ,수치인
무화당 카스테라 미쥬라 쵸코도넛츠 그릭요거트 방울토마토 무가당 두유 이렇게 있는데 번갈아 먹으니 괜찮네용,수치인
구구콘,수치인
부럽네요 ㅜㅜ 빵순이 빵 머고싶어용 ㅜㅜ,미분류
성공 공유 쌀요거트,미분류
역시 호떡은 안되는가봐요🤣,수치인
딸기 4알 무지방두유 미주라 과자2개 반,미분류
파바 생딸기샌드,수치인
스키니피그 아이스크림 대박이에여ㅠㅠ,수치인
대리만족 할라고 남편이랑 딸아이 주고 저는 바라만봤는데 ㅋㅋㅋㅋ 자기전에 으로 한번 시도해봐야겠네요😁,수치인
그래서 바로 냉동실에서 아이스크림꺼내고,미분류
아이비가 문제였을까요ㅜ 콘칩 3개가 문제였을까요ㅜ 아니면 자체가 문제였을까요ㅜ,미분류
오징어 무알콜맥주 널담쿠키♡ 1시간후 좋네여,미분류
공복혈당 체크후,미분류
스벅 말차 프라푸치노 143 ❌️,수치아웃
그럼 통밀당초코파이도 튀겠죠 😔,미분류
크림라떼 에그타르트,미분류
오란다 2개 요거트😆,미분류
치케랑 커피 딱 좋죠 넘 어보여요 ㅎㅎ,미분류
이 미주라 토스트 밖에 없어서 다른거 뭐있을까 검색하다가 비마트로 바로 주문했네요 ㅎㅎ,미분류
성분표시가 의미가 없는건가 🤔 코코 무화과롤,미분류
30주 5일 밀크티 119 😭,미분류
너무너무 어서 감동 과자 줄여야하는데,수치인
도 하는거 과자든 과일이든 찾아서,수치인
딸기케이크 좋습니다,수치인
호두과자 3개,수치인
와 호떡이랑 완두앙금붕어빵 했어요,수치인
붕어빵2개,수치인
저 이거 도전합니다,수치인
스탭퍼 15분 탔더니 110 나왔네요 앞으로 티코 아이스크림만 야겠어요ㅎㅎ,수치인
네네치킨 줄,수치아웃
자기전 데 초코 싶을때,수치인
슈크림붕어빵,수치인
무화당 마들렌 이 되어서 구운계란과 아몬드 브리즈 으로 또 있네요,수치인
와일드바디,수치아웃
호떡,수치인
아몬드빼빼로 1h 139,수치아웃
치즈케잌 이요,수치인
미쳤나봐요 🤯🤯,미분류
하 이래도 되나 싶어요ㅠㅠ,수치인
붕어빵 2개 🫠❌️,수치아웃
저 호떡 요 1시간후 122나왔어요,수치인
창억떡 호박 절미 진짜 사랑이죠ㅠㅠㅠ 까지 좋다니 시키러가야겠네여 🥹💗,미분류
연세황치즈생크림빵 성공이에요,수치아웃
디저트39 슬림 생초콜릿라떼ㅜㅜ,수치인
허쉬초콜릿아이스크림,수치인
슈톨렌과 커피,미분류
점심 쑥떡 4개 꿀,수치인
치즈케이크ㅜㅜ,수치아웃
경주 황남빵 1개 공유해요,수치인
케이크 너무 맛나보여요 ㅎㅎㅎ 저는 곧 출산이라 조리하면서 딸케 실컷 먹으려고 마음 어용 ㅎㅎㅎ,수치인
저녁 타임 ㅎㅎ다들 메리크리스마스입니다,미분류
와 저도 파바 딸기생크림케잌 반 는데 저건 어디껀가요 딸기가 많이 들었네요,수치인
딸기 8알 30분 오늘하루 마감 -,수치인
으악 군고구마 247,미분류
지난주에도 꽈배기 찹쌀도너츠 도전했는데 1시간 116으로 했었어용 저녁혈당에도 영향없었구요,미분류
원래 초코 들은거 별로 안좋아해서 정말 몇년에 한번 먹을까말까한 몽쉘을,미분류
혈당,수치인
와플,수치인
나에게 주는 작은 선물 붕어빵😅,미분류
저도 티코 아이스크림 2개,수치인
미니슈크림붕어빵1 모짜볼1 ⭕️,수치인
몽쉘ㅜㅜ,수치인
생크림 딸기케이크 한조각,수치인
땅콩버터 치킨 피자,수치아웃
아이스크림 이네용,수치인
스벅치즈케이크 디카페 라떼,수치인
바게트 만들어 어요,미분류
크림빵1 2 에그타르트1 2 ⭕️ 남편은 ❌️🥲,수치아웃
수제딸기라떼 몽쉘,수치인
베이글 크림치즈 바닐라라떼 1시간 101,수치인
한조각에 치즈오븐스파게티까지 세젓가락,수치인
치즈케익1조각하구요,수치인
연세우유빵 딸기,수치인
와우 붕어빵 두마리 1시간 149🔥,미분류
마켓오리얼브라우니,수치인
공복에 방토 아몬드브리즈 괜찮죠,수치인
으로 미주리도넛이나 토스트를 먹으려는데 몆개정도가 괜찮나요,수치인
아몬드 머핀 😍,수치인
초콜릿 생크림케익,수치인
포카칩 ⭕️ 잼바른 토스트 ❌️,수치아웃
생크림케이크 했어용,수치인
떡 빠빠이,미분류
딸기케익1조각,수치인
앙버터호두과자😝,수치인
카페 중독 와플 어요,미분류
통밀당 초코파이,수치인
무설탕 초콜릿이라니 최고네요 저도 찾아봐야겠어요 ㅎㅎㅎ,미분류
맛동산 아주 작은 손바닥만한 싸이즈지만,수치인
오마이갓 호빵 이 무시무시한 녀석,수치인
아몬드 빼빼로,수치인
저도 애기 작다해서 롤케이크 2조각도 ㅎ 당근케이크도 해요 ㅎ 애 크는게 먼저라 ㅎㅎㅎ,수치인
파리바게트 왕크림도넛,수치인
오전 방울 토마토,미분류
피코크 당근케이크 넘 어요 ㅎ,미분류
사과반쪽 30분 후 103,수치인
제로초코쿠키 짱맛이네요 ㅎ,미분류
사과 반쪽 드려요,수치인
딸기우유 좋아하시는 분,미분류
역시 고구마는,수치인
아몬빼빼로 기본빼빼로 서브웨이초코칩,수치인
룩트요거트 그래놀라 안흥찐빵2개,미분류
스벅 브라우니 치즈케이크🤤,미분류
아 슈페너 크림빵,수치인
공복에 사과를 는데 끊어야할까요,수치인
미주라 요거트비스켓 저지방라떼,미분류
제로 초코볼 어여ㅋ,미분류
던킨 페이머스 글레이즈드 도넛,수치인
롯데 제로카카오케이크,수치인
이번엔 사또밥,수치인
후렌치파이 딸기맛,수치인
아이스크림조아참으란소리였어용 ㅋㅋ 애기낳고드세용 ㅋ ㅋ,미분류
과자 넘 그리웠는데 좋은 꿀 감사합니다 바로 주문했네요 ㅎㅎ,미분류
스테비아 넣고 단호박 식혜 만들었어요,미분류
오전 이예요 ㅎ,수치인
통밀베이글 1 2과 무가당 두유ㅠ,미분류
투썸 당케 성공이에요,수치인
⭕️ 스벅 번트 치즈케이크 라떼,수치인
저는 빵순이는 아닌데,미분류
너무 싶었던 한신닭발,수치인
떡은 역시나 ㅠ,수치인
통밀당 초코파이 ⭕️,수치인
호떡 1개 ⭕️,수치인
룩트 요거트,미분류
미친척하고 초코아이스크림 어요ㅋ,수치인
저는 아이비 먹음 안되겠어여ㅜㅜ,수치인
투썸 초코케이크 이럴수있는건가요,미분류
저당케찹이에요ㅠㅠ 머스타드 케찹 소스마니 거든요 ㅠㅡㅠ 햄버거가 문제 가바요😭,수치인
딸기랑 요거트 넘 어요,미분류
붓기가 많은데 호박즙 도 될까요,수치인
저당 벤티 초코음료,수치인
붕어빵 너무맛잇어ㅠㅠ,수치인
롯데리아 불고기버거,수치아웃
우유빵 딸기잼 아슬아슬,수치인
나폴레옹제과점 초코케이크,수치인
단백질과자점 사브레 오늘 첨 시도 하는데,수치인
딸기 두번째 성공,수치인
저는 호두과자 흡입했어요 ㅠㅠ,수치아웃
호떡 ❌❌❌❌,수치아웃
편의점 노티드 우유크림슈,미분류
감자칩과자,수치인
시중 냉동돈까스 집에서 해먹으니 착하게 나오더라구요 고구마치즈 등심 치즈 요렇게 세개다 도전해봣는데 됬어요,수치아웃
점심 식사로 는데,미분류
하 ㅠㅠ 정말 돌아버리겠어요,수치인
테이스틴 단백질칩 한번만 봐주세요,미분류
마틸다입니다바로 자고 아침 공복은 80나왔어요,수치인
딸기 20알은 먹은거 같은데요,미분류
연세 초코생크림빵,수치인
딸기 너무 싶어서 남편이랑 사고 왔어요,미분류
연세우유크림빵 반쪽,수치아웃
붕어빵 1개,수치인
델리만쥬 😭 엄청나네요,수치아웃
몽쉘 두개 처음 시도했어요,수치인
식후 2시간 117 데 구성 봐주세요,수치인
통밀당 초코파이 좋긴하네요 ㅎ,미분류
구워 만든 곡물그대로21 크리스피롤과자,수치인
아 고구마 ㅠㅠ 고구마 원래 이렇게 높나요 ㅠㅠ,수치아웃
떡이니,미분류
몽쉘에 참크래커도 이라니 저도 도전해봐야겠어요 찐한 초코맛이 너무 그리워요,수치인
메가커피 바닐라라떼,미분류
즐거웠어 빵또아야,수치인
씨리얼60g 우유 200ml,수치인
아침에 호밀빵 을땐 잘나왔는데,수치인
ㅂㄱㄷ 수플레케이크 어요,미분류
호빵 저세상,수치인
디카페 라떼 필라델피아 치즈케이크,수치인
끼리 블루베리 크림치즈 찰떡 아시나요,미분류
딸기 좋네용,수치인
통밀당초코파이1개 치케반조각,수치인
우와 ❤️ 덕분에 아이스크림 잘 쟁여갑니다 공유 넘 감사해유👍,수치인
크리스피롤 어때요,수치인
홍시 반개 성공이요ㅋㅋ,미분류
방심한 순간,미분류
남편이 아이스크림가게에서 당이 제로 0g이라며 사다준 롯데 제로 무설탕아이스크림 봤는데요,수치인
구슬 아이스크림도 혈당 좋아요,미분류
투썸 커피밀크쉐이크 꼭 봐야겟어요,미분류
통밀당 초코파이 했어요,수치인
치즈케잌이나 빵류가 너무 싶운데 는 너무 좋지만 매일 먹는건 안좋은가요 ㅠㅠ 달달한게 너무 땡겨요,수치인
통밀당 초코파이 좋아요,미분류
연세우유 우유생크림빵 성공이요,수치아웃
노브랜드 감자칩 라라스윗 초콜릿맛,수치인
몽쉘 다들 이라고 하던데,수치인
몽쉘 착하네요 ㅠㅠㅠㅠ,수치인
그쵸그쵸 ♥️ 오늘 cu가서 라라스윗아이스크림도 2 1해서 3가지맛 하나씩 사왔는데 왤케 맛잇어요 ㅋㅋㅋㅋ,미분류
고구마는 역시 사악하군요,수치인
흐잉 넘겼어욧,수치인
블랙 글레이즈 라떼 공유,미분류
군당근고구마,수치인
Gs 편의점 짱구 초코바 아이스크림 반개 통과,미분류
붕어빵 너무 어용🥹,미분류
라면 짜슐랭,수치아웃
연세 우유생크림빵 짱,수치인
바로 먹기는 했거든요 ㅠㅠ 그것도 무려 약밥을요,수치인
아침 이렇게 도 괜찮을까요,수치인
라라스윗 할 가봐요 -,미분류
제로초코칩쿠키 1개,수치인
귤2개 좋네요 ㅋㅋ,미분류
단백질바 요,미분류
트레이더스 바스크치즈케이크 최고,미분류
네 도전해보세요 혈당 너무나오면 남은 반시 못먹을까봐 바로 산책을 하긴했어요 ㅋㅋㅋ,미분류
이거 진짜 좋아요,미분류
곤약젤리 드셔보신분 계신가요,미분류
호두과자 봤어요,수치인
원래 약콩두유 먹는데 바꿔볼까 싶어서요,미분류
연세우유크림빵 1개 다 는데 좋네요 ㅎㅎ,수치인
홈메이드 통밀빵,미분류
홍시 1개,미분류
첼리노토스트비스켓,미분류
토마토,미분류
찐밤 했어요,수치아웃
아이스홍시,수치인
꼬칼콘 고소한맛 반봉지,수치인
통밀스콘,수치인
이정도는 혈당 스파이크 아니죠,수치아웃
무화과 2개 ㅜㅜ,수치아웃
떡 진짜 장난 아니네요 ㅠㅠㅋㅋㅋㅋ,수치인
달차 검 리 바닐라라떼,미분류
포도 반송이 30분뒤,수치인
팥고당에서 빵 사 는데 좋네요 ㅎㅎ,수치아웃
오늘의,수치인
1시간 재고 106 나와서 바로마시고 나온 에요,수치인
룩트요거트 내돈내산,수치인
떡볶이에 어묵은 안좋나요,수치인
주로 과일 우유 요플레를 먹는데,미분류
하ㅠㅠ 져ㅠㅠㅠ앙버터 앙 싶네여ㅠㅠㅠㅠ언제쯤 맘편히 빵을 먹을 수 있을지😭,미분류
과일이 너무 싶어요,수치인
잡곡밥으로 주먹밥 만들어 봣어요,수치인
파바 찹쌀도너츠에 아아한잔했어요,수치인
지금까지 던 요,수치인
그래놀라에 우유말아먹으니 넘 네요,수치인
파바 베이비슈,미분류
으로 맛밤 어요,수치인
하나 남은거 바라만 보고 있네요 😇,수치인
투썸 블루베리 요거트 케이크,수치인
송편 😭,수치아웃
키위1개 샤 머스켓,수치아웃
송편 1알 ㅜㅜ,수치아웃
아 저번에 스타벅스 촉촉초콜릿생크림 반쪽 이것두 이요 원래 케이크를 많이는 안 서 반이 적당,수치인
모시송편 2개 는데 했어요,수치인
이마트 아몬드크라상,미분류
모시떡 미쳤어요 저세상,수치인
구구콘 한시간뒤,수치인
프로틴 도넛,미분류
라라스윗 아이스크림 샀어요 추가 필라델피아 치즈케익도요 ㅋㅋㅋ,수치인
약과,수치인
사또밥😮‍💨,수치인
겁나 쫄아서 는데 닥터유 단백질바,수치인
구구바,미분류
치케에 아아는 하루를 행복하게 해주는 이에요 ㅎㅎ 저도 집에서 커피먹다 나가서 커피먹으면 별로더라구용 ㅎㅎ,수치인
필라델피아 치즈 케이크,수치인
너무 닭똥집 싶어서 는데,수치인
과일,미분류
파리바게뜨 고로케,수치인
점심 나른해서 졸다가 커피한잔 마시고싶어서,수치인
홈메이드 바닐라라떼,미분류
베이컨에그머핀 해쉬브라운 디카페 라떼큰거,수치인
미주라 헤이즐넛 쿠키 라라스윗,미분류
미주라 통밀 도넛츠 안되네요,미분류
디카페 라떼 소금빵 크림치즈 112 ♡,수치인
초코 시리얼,수치인
룩트 요거트 서브웨이 샌드위치,미분류
미주라 비스킷이랑 우유 같이 도 될까요,미분류
라라스윗 치즈케이크 사서 어디까지 튀나 함보자 싶어 200그람 저울에 재고 흡입했네요,수치인
치즈케이크,수치인
무설탕 콩브라우니,수치아웃
으로 미주라통밀도넛에라라스윗1 3통 네용,수치아웃
초코아슈크림,수치인
마카롱 했어요,수치인
작은 사과 하나,수치인
샤 머스캣,수치인
비오는날 수제비,미분류
찹쌀도넛,수치인
디카페 아메리카노 코코넛오일,수치인
🥐 아침 식단 호밀빵 계란후라이 1개 양배추 타르타르소스 누텔라st잼,미분류
내일 아침에 통밀빵에 발라 보려구요,미분류
미주라 초코통밀 크로와상 어요 ㅋ,미분류
점심 왕김치만두1개,수치인
탄수화물 뭐가 있을까요,미분류
통밀크래커 크림치즈스프레드 블루베리 이요❌,수치인
옛날 전병과자,수치인
스모어쿠키,미분류
제니쿠키는 딱 네알까지 ㅎㅎㅎ,수치인
임당 확정 후 첫 ♥,미분류
치즈케이크 대량생산,미분류
기념일이라 딸기케이크로 일탈햇는데,수치인
공차 블랙밀크티 저세상 168이요,수치인
엔쵸바나나 아이스크림,미분류
레몬바질모히또 🍋,미분류
스타벅스 블루베리 쏙 수플레치즈케이크 ⭕️,수치인
떡 미쳤어요,미분류
복숭아 반 개 성공 단팥빵 대실패 ㅋㅋㅋ,수치아웃
참지못하고 결국 초코송이에 손을 댔는데,수치아웃
스타벅스 밀크푸딩,미분류
와 먹음직스럽네용 마켓컬리에 이런것두 파나바여,미분류
제로쿠키 있어요,수치인
생크림케이크 반조각 턱걸이요,미분류
오늘 은 필라델피아치즈케이크입니다 ㅎㅎ,수치인
노티드 도넛,수치아웃
파리바게트 피자빵,미분류
꽈베기2개,미분류
부탁드려요,수치인
오늘의 은 초코케이크입니다 ㅎㅎ,수치인
버터풀앤크리멀러스 치즈케이크 이요,수치인
제로아이스크림,미분류
튈거 각오하구 먹은건데 후참 양념치킨 했어요,수치인
파바 에그타르트,수치인
미주라는 토스트 말고 새로운게 있길래 주문해봤는데,수치인
커스타드빵,미분류
통밀 잔치국수,수치인
젤리스트로우,수치인
꽈배기,미분류
라라스윗 진짜 한줄기 빛이에요🥹 점심 곧 혈당재는데 하면 아이스크림 또 먹으려구요 ❤️,수치인
플리퍼스 플레 샌드 수플레 슈퍼말차라떼,수치인
글레이즈드도넛 도전,수치인
밥대신 초코케이크 요 ㅎㅎ,수치인
오랜만에 아몬드가루 베이킹,미분류
제로아이스크림,수치인
야식 요ㅋㅋ,미분류
포기 못해 🥹,수치아웃
어떡하죠 싶은데 ㅠ,수치아웃
D 80 올 으로 하루 마무리⭕️💜,수치인
우유180cc랑 스타벅스 티라미수 1 3 정도 어요,수치인
저 출시 펀스토랑 따라해봣어용,미분류
노랑통닭 깐풍치킨,수치인
코코에서산 크리스피롤,수치아웃
따뜻한버블티우유랑 같이 었습니다 ㅎ,미분류
입맛이 없어서 플레 요거트에 오그래놀라 씨리얼 왕창,수치인
디카페 라떼 헤이즐넛시럽 알룰로스 탄수,수치인
꼬깔콘 큰거,미분류
이시간에 딸기요거트롤케이크 우유랑 봅니다,수치인
여행와서 한번만 먹자하고 케이크랑 타르트,수치인
치즈케이크,미분류
북해도 치즈케이크 핫딜떴어요,미분류
장 한과의 유혹 😭,수치인
시리얼,수치인
저기 젤리도 어요 저 시리즈 중에 젤리가 젤 단 느낌이었어요ㅋㅋ,미분류
출산한지 9갤 데요 월드콘 1시간,미분류
제로아이스크림 어요🍫,수치인
홈런볼 뒤로 튀나요,수치인
주말이라 오늘은 치킨에 수박에 빵에,수치인
투썸 당근케이크 디카페 아메리카노 ✨,수치인
옥수수 저세상,수치인
흑임자라떼 휘낭시에 1개반 버터바 반개,미분류
샌드위치,미분류
9 10 아이비1봉지 치즈스틱1 한시간 후에,수치인
치즈케익 겠다 혈당 괜찮나요,수치인
또 바로 다른 도 되나요,수치인
미주라통밀도넛,수치인
당류 탄수화물 0 과자,미분류
편의점 팝콘,미분류
야식 2시간 뒤,수치인
밤식빵,수치아웃
픽업 행사로 2만원 이상 구매시 4천원 쿠폰 줘서 아이스크림 4통하면 개당 4450원 되네요,미분류
치즈핫도그 꽈배기 단팥빵 치즈빵,수치인
기분좋게 바로 방울 토마토 10알 정도 먹은거 같은데,수치인
옥수수나 빵같은 탄수화물 들어있는 먹으면,미분류
자두요거트,미분류
으로 호두랑 아몬드 는데,수치아웃
구구콘 저세상 ㅠㅠ,수치인
가나 제로 아이스크림 공유합니당,미분류
가나 제로 아이스크림,미분류
라라스윗♡♡♡♡♡♡,수치인
복숭아 1개 119,수치인
공복혈당 드디어 통과했어요 라라스윗모나카,미분류
롯데 제로 쿠키 다크카카오케이크,수치인
명랑핫도그 도전해봤어요,수치인
식후 혈당 상승을 억제하는 탄산수 내돈내산,수치인
임단 뚜부과자 리부트젤리 라라스윗,미분류
빵 너무 어보여요🤤,수치아웃
그린랜드님 레시피로 만든 피자👍,미분류
자몽 ❌,수치인
곰곰 단백질바 ⭕️,수치인
결론은 또또맘리얼이구마 20g 하나 복숭아 한조각 30분후 96나왔어요 ㅎ,수치인
현미 닭가슴살 핫도그 망 ❌,수치아웃
저도 제로 초코칩쿠키 보았습니다😆,미분류
오늘이 마지막 근무날이라,수치아웃
크림치즈나 치즈종류랑 먹음 먹을만해요 ㅋㅋ,수치아웃
사서 초코링을 으로 봤어요,수치아웃
초간단 통밀빵 샌드위치 😁,수치아웃
구구바,수치인
롯데 제로 쿠키,수치인
임당 으로 좋으네요,미분류
떡볶이 드시고 싶으신 분,수치인
내돈내산 김경오빵 구매,미분류
내돈내산 김경오 빵 •᷄ ρ•᷅ 가,미분류
아몬드가루 베이킹 계란빵,미분류
아띠제 에쉬레 마들렌,수치인
제로초코칩쿠키 왜캐 어요 🫢🫢 뒷북🙏,수치아웃
버터링,수치인
당 제로 젤리 🍑🍑,미분류
쿠키1개 파이1개,수치인
사과식초를 도 잘나오면 90대 초반 못나오면 100대이던 최근 공복혈당이,미분류
제로 쿠키 한개,수치인
투썸 아이스슈 좋았어요,수치인
체리 참크래커,수치인
토마토 삶아서 먹으니 가 좋네요ㅎ,수치인
오늘은 식전과일 초황황도복숭아 봤어요 🍑,미분류
가나 제로 시리즈 대박이에요 특히 초코칩,수치인
성심당 치즈케이크 ㅜㅜ,수치아웃
그릭요거트 오곡쿠키과자 1개만 뿌셔넣기 포스트 현미 그래놀라 숟가락 한스픈,수치아웃
신비복숭아 아슬아슬 🍑,수치인
과수원집딸의 일탈,미분류
은 데 뭔가 또 찝찝하네요 🤣,수치인
체리 ㅜㅠㅠ,수치인
스벅바닐라라떼,미분류
마이노멀 아이스크림 까페 함량✍✍,수치인
야식,미분류
탄산수,수치인
파바 카스테라,수치아웃
제로쿠키 참쌀선과,미분류
롯데 제로 제품 드셔보신분,수치아웃
혹시 요거트에 메이플이나 꿀대신 뿌려먹을만한,수치인
설빙 절미 빙수,수치인
비밀당 다크초코쿠키,수치인
요거트에 견과류 모두 투하해서 쉐키쉐키,수치인
파바 다크초코츄잉스타 이긴하지만,수치아웃
초당옥수수,수치아웃
으로 천도 복숭아 어요,수치인
식전 자두 ⭕️⭕️,수치인
요거트 그래놀라 견과류,수치인
파바 옛날 왕슈크림 도넛,수치아웃
이건 또 무슨 일이죠 지금까지 먹은 탄수 갑자기 다 의심스러워 지네요 🤦‍♀️🤦‍♀️,수치인
트레이더스 우유크림볼,수치인
씨유에서 라라스윗 2 1 행사하네요,미분류
공복혈당 조절하려고 저녁10시정도 아몬드브리즈하나먹는데 오늘은 콜라비 으니 패스할까요,수치아웃
달콤한 레몬에이드 드시고싶으신분들,미분류
ㅎㅎ 밀크티도넛 향긋하니 고 좋아요 저는 냉동실에 그득그득 쟁여놨어요 에프 돌려먹으면 천국ㅜㅜ,미분류
오후,미분류
새로운 모닝과일 발굴 🥳🥳🥳👋👋,수치아웃
팥만쥬 1개 아메리카노,수치아웃
아몬드가루로 베이킹,미분류
북해도 치즈케이크,수치인
저는 체리도 안되나봐요ㅠㅠ,수치인
도넛 카스테라 하나 데려와서 어요,미분류
식전 복숭아 ⭕️,수치인
라라스윗 모나카 세일,수치인
모닝 복숭아 🍑🎶🎶,수치아웃
도너츠 사랑 ㅜㅠ,미분류
친정엄마 생신파티 케이크♡ 그리고 당연히 ❌,수치아웃
초코다이제스티브 내가미쳣지,수치인
아몬드 파운드케잌,미분류
홈메이드 저탄수 스콘 2종,수치인
찹쌀도넛 이요,수치인
휘낭시에,수치인
위트빵에 속파고,미분류
와플 아아 공유해요😀,수치인
새로운 거리 국산체리 🍒,수치인
마트에서 산 샌드위치 반쪽 빵하나때고 ㅋㅋㅋ,미분류
오늘 마무리도 어제처럼 수박🍉,수치인
수박 배터지게 당연,수치인
스키니피그 한강 블루레몬 샤베트 🥳,수치인
레이니어 체리 9개,수치인
스타벅스 바닐라라떼,수치인
왜 아몬드가루 베이킹은 늘실패일까요 ㅜㅜ,수치아웃
내가만든 바스크치즈케이크,미분류
스타벅스 케이크 🙅🏻‍♀️❌❌,수치아웃
당 1프로 팝콘 도될까용,미분류
투썸,미분류
땅콩버터 저도 주문해봤어요 갬덩⭕️⭕️,수치인
홈런볼 커스타드맛,미분류
통밀당 초코파이,수치인
라라스윗 카라멜 🍦,수치인
제로쿠키 괜찮네요,수치인
베라 초코나무숲 빙수,수치인
은 곤약젤리만 먹다가,수치인
아임닭 닭가슴살 씬만두 김치 2시간,수치인
했던 😱😱,수치아웃
지도에 찾아보면 스토어도 운영하더라구여 케이크는 조각으론 안팔지만 ㅠ,수치인
노브랜드 치즈케이크,수치인
생크림카스테라,수치인
홈메이드 두부 티라미수 🙆,수치인
아몬드가루 베이킹 깜빠뉴,미분류
파바 소라파이,수치인
현미 쌀과자 꽤 큰 봉지의 1 2을 한시간 후 119 아슬아슬해요,미분류
호떡이여 너는 기만하엿다 안녕,미분류
홈메이드 미니 바스크 치즈 케이크 디카페 라떼,미분류
비요뜨 착하네요 😋💛,수치인
황태 도 되고 안주도 되는 ㅎㅎ,미분류
떡 수치인???,수치인
마지막 💚민트초코칩블렌디드,수치아웃
빵은 거의 버리긴했지만 나름 게 네요,미분류
다시 빵순이가 되고있어요,미분류
똑똑한견과,수치인
골드키위1개,수치아웃
라라스윗 모나카 🙆 1시간 뒤 재봤어요,수치인
오늘 점심은 식사 한 뒤에 두시간뒤에 사과한쪽 참크래커 6개 한봉 한시간 뒤에 재봤거든요,수치인
생크림 사서 대체당 넣고 휘핑해서 디카페 커피로 아 슈페너 만들어 어요♡♡,수치인
🍉수박빙수❤️🍉❤️🍉,수치인
시럽 뺐는데도 우유가 달아서 지 전 꽤달더라구요 그동안 단걸 안 서 지 ㅋㅋㅋ,수치인
컴포즈 바닐라라떼 드디어 맛봤어요,수치인
아이스크림처럼 봤어요,수치인
스벅번트치즈케잌,수치인
투썸 뉴욕치즈케이크랑 디카페 라떼,미분류
투썸 딸기 요거 조각케익,수치인
편의점표 조각케잌,수치인
락토조이 제로,미분류
빙수 ❌❌❌,수치아웃
롯ㄷㄹㅇ 팥빙수,수치인
컴포즈 밀크쉐이크 아슬아슬하게,수치인
컴포즈 밀크쉐이크 🙆 시럽❌,수치인
컴포즈커피 밀크쉐이크 도전기 실패,수치아웃
서브웨이 샌드위치랑 쿠키,수치인
스타벅스 치즈케익은 더 여유 있게,수치인
쟈네님 치즈빵,수치인
쟈네님 치즈빵,수치인
슈퍼콘💙민트초코칩,미분류
녹차붕어싸만코,미분류
티라미수😍,수치아웃
치즈케익 크로플 라떼,수치인
과자 ❌미니꽃게랑 쿠크다스❌,미분류
스벅 마끼야또 마카롱 😊,미분류
컴포즈커피 바닐라라떼😊,미분류
저는 초코맛치즈수플레케이크를 반절 가까이 는데 1시간 100밖에 안나왔어용 저 임당 맞아요 ㅋㅋ,수치인
밀크쉐이크🥤🖤🤍♥️,미분류
쑥 절미 3알,수치인
라우겐 앙버터 안되겟죠,수치인
구구콘 아이스크림🍦,수치인
어제 먹은 빵파레 아이스크림 한개 공유,미분류
홈런볼 대용량 146g 중,미분류
컴포즈커피 밀크쉐이크,수치인
바로 전날 먹는것보단 몇일전에 먹는게 나을 것 같아,수치아웃
나오니 정말 마실게 없네요 🤣🤣,수치인
과자코너 구경하다 예감이랑 뽀또 데리고 왔어요,미분류
네 가나제로 초코 좋아요 ㅠㅠㅠ 어요,미분류
몽쉘제로 좋네요,수치인
아몬드가루베이킹 마가렛트,미분류
예감 🥔 과자,미분류
⭐️ 카라멜와플⭐️,미분류
시나본 시나몬빵,수치인
아이스크림이라 흡수가 빨라 30분 후 재면 될 듯요,수치인
칙촉 1개,미분류
스테비아커피의 배신,미분류
초코과자 통크,수치인
태극당 모나카 ♡,수치인
아몬드가루 베이킹 머핀,수치인
이 당 단팥빵 ㅋㅋㅋ,미분류
핫초코 이정도 면 괜찮을까요,수치인
아몬드가루쿠키,미분류
치즈빵,미분류
과자 일탈은 1달만에 처음 거 같아요 잘 참았었는데ㅜㅜ,수치아웃
비오니깐 디카페 라떼먹으러왔어요 ㅎ,수치인
크림치즈빵 만들었어요,미분류
아몬드가루 베이킹 성공,수치인
아이스크림 🍦🍦🍦,수치인
찍먹 대왕오감자 1시간,수치인
연세우유 단팥생크림빵 반개,수치인
투썸 치즈케익 한 조각 한 시간 후 116 ㅎㄷㄷ,수치인
스벅 번트치즈케이크,수치인
포켓몬 빵 초코 👏🏻,수치인
카페라떼 옥수수빵1 2 미니슈,미분류
스벅 카라멜와플 소소한 일탈,미분류
근데 겉에 과자처럼 입혀져있어서 한시간 뒤에 재야한단 얘기가 있어서 한시간 뒤에 다시 쟀는데,미분류
라라스윗 모나카 아이스크림 넘 맛나요ㅋ,미분류
산책 중 편의점 갔다가 팝콘 당류 보고샀어요,수치아웃
아 전 토마토가 혈당 잡아주는 역할을 해서 식전에 치즈랑 먹는데 ㅠㅠ,수치아웃
아이스크림라떼 ❌❌❌,미분류
으로 쿠키 어요ㅎㅎ,미분류
저도 아몬드가루 베이킹해봤어용,수치인
오늘 은,미분류
개 카페 티라미수 반조각 했어요ㅠㅠ♥️,수치인
스타벅스 티라미수케이크 이요,수치인
컴포즈 바닐라라떼👍👏,미분류
롤린민트초코콜드부르,미분류
이 실화 가여,수치인
티라미수 수프레 디카페 콜드브루,미분류
디카페 아아 파바치즈케이크 1조각 무당몽쉘1개 홈런볼8알 는데 가,수치인
먹을 수 있는 새로운 과일 발굴이요-,수치인
휘낭시에 😍,수치인
투썸 치즈케이크,수치인
리부트젤리 봤어요,미분류
임산부친환경농산물꾸러미 당첨되서 사이트에서 구매한 그릭요거트 한번봐주세요,수치인
바스크 치즈케이크 💛,미분류
끼리크림치즈케이크 좋네요,미분류
할지 알고 어용😊,수치아웃
못참고 허쉬초코바 아이스크림 는데 역시ㅜ뒤로 튀었어요,수치인
홈메이드 티라미수 만들었어요,미분류
식전 블루베리,수치인
우와ㅜㅜ 저는 사과 1 8 조각만 고 140 나와서 과일은 아예 못먹는데ㅜㅜ 너무 부러워요,수치인
저 참외귀신 데 혈당스파이크 올까봐 사지도 못하고 끙끙대는중이에욧😭😭😭,수치아웃
아몬드브리즈 언스위트 1개,수치인
식빵 만들어 어요,미분류
노브랜드 카스타드,미분류
이거 어요,수치인
첨 보는 포테이토 과자,수치인
저도 오늘 크림파스타랑 소스에 빵 찍어먹으면서 일탈했어요,수치인
라라스윗 초콜릿맛 넘착해요ㅎ,미분류
후레쉬베리 1개 오예스 1개 매일우유 190ml,수치인
콜드브루 오트라떼 ❌,수치아웃
크리스피 오리지널 2개,수치인
아몬드가루 베이킹 초코머핀,수치인
1 통밀당 초코파이 10개,미분류
아몬드가루 베이킹 요거트빵,수치아웃
바나나이후 첨으로 과일도전했네용😊,수치인
바치케 만들엇어요 ㅎㅎ,수치인
오전에 미주라도넛 우유 우유식빵 1장,미분류
스타벅스 티라미수롤 절반 디카페 아이스 라떼 톨,수치인
후레쉬베리 미주라초코칩도넛,미분류
파바 옛날왕슈크림도넛,수치인
다들 으로 뭐 드시나요ㅠ,미분류
카라멜마끼야또 토마토,미분류
키토베이킹 쵝오ᵕ̩̩ㅅᵕ̩̩ feat 쟈네님 레시피,미분류
곤약젤리 💚💚💚,미분류
투썸 티라미수 디카페 아아,수치인
아몬드가루 쿠키♡,수치인
따뜻한 라떼랑 초콜렛,미분류
티라미수 케이크 ❌,미분류
라라스윗 처음 봤어요 굿,수치인
추억의 과자 쌀대롱,수치인
간당간당 통과 두유 쁘띠몽쉘,수치인
집에서 만든 바스크치즈케이크,수치인
통크 반 오뜨 치즈케잌,수치인
아이비에 곤약팝콘에 라라스윗 모나카 까지 는109 데요,미분류
어제 저녁 과자로 일탈 무가당두유1 곤약팝콘1 초코파이1 촉촉한초코칩1,수치인
고소미,수치인
곤약팝콘 좋네요 가끔 이요,수치인
아몬드가루를 다써서 새로 주문해서 오늘 받았어요,미분류
어제오늘 샌드위치 굳♡,미분류
빈츠 딸기맛 세개,수치인
나나콘 작은봉지,수치인
입덧때문에 속이 쓰리고 한데 요건 넘어가네요,미분류
공복도 중요하고 ㅜ떡은 더더더욱 저희가피해야할 ㅠㅠ,수치아웃
수박 어요,미분류
오랫만에 아몬드베이킹♥️,수치아웃
제 최애 은 황태껍질부각ㅎㅎ,미분류
황금똥빵과 크림치즈 ❌❌❌,미분류
모나카 앙버터 튈까요,미분류
치즈케이크 필라델피아 😍👍💛,미분류
바나나 우유 고르곤졸라 소프트콘 치즈케이크,수치인
아침 대용으로 냉동 핫도그 어요 간당간당😂,미분류
마이노멀 초코아이스크림 다 네요,미분류
그나저나 롤케이크1 6이면 당류만 20그램 데도 넘 좋네요 부러워요ㅠㅠ,수치아웃
당0g이라고 해서 먹은 짜장떡볶이ㅠㅠㅠㅠ,미분류
통밀쿠키 꼭 만들어보세용ㅜㅜ,수치인
아몬드가루로 머핀 만들었어요 🥲,수치인
무화당 스콘 라라스윗 생우유 모나카 봤어요 초딩입맛,수치아웃
퀘스트 쿠키 맛나요👍🏻,미분류
현미빵쟁기어갑니다,수치아웃
미주라도넛 아메 딸기 👍,수치인
라라스윗 우유모나카 재본적이 없는데,수치아웃
시루떡,미분류
방토10알 디카페 아메,수치인
그래서 저녁도 늦게 는데 새벽4시 30분경 배가 고파서 통밀빵에 샌드위치 만들어 어요,수치인
뉴욕치즈케익,미분류
소금빵 한개 여ㅜㅜ,수치아웃
아몬드가루 베이킹,수치인
뽀또랑국희샌드 ㅜ,수치아웃
미주라 도나쓰,수치인
빵이 빵이,미분류
라라스윗 모나카,수치인
뉴트리맘 영양바 먹구,미분류
아몬드가루 베이킹♥️,미분류
치즈케익,미분류
라라스윗 모나카,수치인
육포ㅠㅠ,미분류
라라스윗 우유모나카 잔뜩 질렀어요,수치인
스콘이랑 크림라떼 와우 역대급,미분류
프로틴 스파클링,수치인
크리스피도넛 저는 튀네요,수치인
한개 다 드시고도 할수있는지 반절 잘라서 야 지 혹시 드셔보시고 어떡해 하셨는지 좀 주시면 감사해용🙏😍,수치인
2시간 후에 사과 어요,수치인
돌체라떼 처음에 실패했다가 카페에서 을 받고 했어요,수치인
약밥 시도 해 봤는데 하하😂,미분류
쟈네님의 레시피로 만든 쿠키,미분류
비건빵 먹방했어요,미분류
통밀당 초코파이,수치인
방금 단백질바 27g짜리 하나랑 우유 100미리 는데 혈당 언제 재야하나요,수치인
저당 이 드디어 왔어요😆,미분류
저는 오늘 하루 단백질바 미니 저지방우유100ml 한번바께 안 네요,수치인
스타벅스 디카페 돌체라떼,수치인
저도 롯데마트 가서 키토잼 사왓어용,미분류
수제 크로와상 ㅎㅎ,수치인
혈당에 좋은 을 소개해요,미분류
빌리엔젤 당근케익 레드벨벳 바닐라크레이프,수치아웃
먹지도못하면서 쟁여두기,미분류
에그타르트,수치인
고추바사삭 미친거 아닌가여,수치인
마이밀 뉴프로틴 로우슈거 바나나맛,수치인
달칩초코샌드,수치인
구구아이스크림 제로몽쉘 빈츠모카 연속 먹은결과 🥶,수치인
스벅 흑임자케이크 디카페 라떼그랑데,미분류
떡케이크 어요 😅,수치인
쁘띠몽쉘제로 빅파이,수치인
kfc 고구마타르트,미분류
쟈네님 레시피로 만든 임당 키토 으로 에그타르트와 초코 머핀 만들어서 거진 매일 있어요,미분류
코스트코 호두피칸파이 디카페 아메리카노,미분류
봉쥬르 호떡 턱걸이 ㅠ,수치인
라라스윗 생우유 모나카 🍦,수치인
저당쿠키 어요😭😭 💗,수치인
미주라 요거트 혹시 몇개까지가 일까요,수치인
뉴트리맘 영양바 임산부용 반개 우유 110ml 망했어요 ㅜㅜ,수치아웃
몽쉘통통은 좋았는데 다른 건 ㅠㅠ,수치아웃
미주라 시리얼 비스켓 말 데요,수치인
저당저탄수 키토 케이크 만들어 어요,수치인
마카롱 2개,수치아웃
밀가루가 없이 달지않고 는 빵을 찾으신다면 이것도 맛나네요,미분류
다신샵 통밀초코파이,미분류
혹시 커피드실때,수치인
베스킨라빈스,수치인
혈당 언제재세요,미분류
미주라도넛 가나아이스크림 트레이더스 빵,수치인
티라미수,수치인
크리스피크림 도넛 한개,수치인
두유 해주세요,수치인
빽다방 밀크티 1시간 118,수치인
이거드셔보신분,수치인
콰트로 치즈 와퍼요 빵하나 날리고 먹엇어요 ㅎㅎ,수치인
라라스윗,미분류
쟈네님 초코머핀 만들어봤어요 대존맛,수치인
티라미수 딸기,미분류
실시간,수치인
저는 혹시나 당 오를까바 붓기차 잔뜩 사놓고 먹진 못하고 있어요 ㅜㅜ,미분류
치즈케익 통과했어요,미분류
이디야 토피넛라떼 샷추가,미분류
가나 제로 아이스크림 정말 좋네요,미분류
과자 싶어서 당낮은걸로 찾아서 두개 봤는데 둘다 좋네요,수치인
빵 매일 드시는분들있으세요,수치인
스벅치즈케익도 130으로튀던데,수치인
요플레클래식,수치인
수치인 간식들,수치인
생크림케이크,미분류
고디바 베라,수치인
야식 피자마루 시카고bbq피자 공복,수치인
바나나두유 30분 138 ㅜㅜㅜ,미분류
구구콘 안되겠네요ㅜㅜ,수치인
파바 초코케이크,수치인
2시간후128찍고 이미오바지만 이날만은 케익을 싶어서,미분류
사과 3조각이면 많이 올라가지 않을까요 ㅠㅠ,미분류
카카오초코렛,미분류
딸기가능갯수,수치인
홈플 몽블랑제 단팥빵,수치인
연어샐러드,미분류
저요 앙버터랑 스콘 종류 봤어요 담백하니 맛 괜찮았어요,수치인
홈베이킹 키토생크림케이크,수치인
명랑핫도그 따따블치즈,미분류
크리스마스엔 역시 케익이죵,미분류
전 어제 딸기생크림이랑 꼬부라꼬치킨양념 소금구이 126나왔네용ㅎ치킨먹을때 떡튀김이랑 감튀도 몇개 네요,수치인
체리 사려는데요,수치인
블레스롤 라떼 고백해케이크1 3조각 성공,수치인
와우 대구 납작만두랑 편의점 컵 떡볶이 ㅎㅎ,수치인
프레첼 체다치즈맛,수치아웃
커스텀커피 흑임자라떼,수치아웃
핫초코 마시기 성공🥰,수치인
제주에서온,미분류
바나나 하신분,수치아웃
몽쉘제로를 처음 봤습니다,수치아웃
투썸플레이스 뉴욕치즈케이크,수치인
사과식초 청정원 홍초 풋사과 가능한가요,수치인
오잉 여게 모에요ㅋㅋㅋ 비스킷 스콘 멀루 만드셧어영,미분류
저탄당베이커리 방금 받았어요 초코카스테라,수치인
단백질쉐이크는 1시간 가요,미분류
에프 키토카스테라,미분류
36주 투썸 아이스박스 스초생 통과욤,미분류
경단 2개 108,수치인
몽쉘 절대안 야겠어요,수치인
딸기,수치인
후 보통 시간은 언제재고 얼마나와야하나요,미분류
참깨맛전병,수치아웃
저녁 으로 딸기,수치인
일탈 초코과자,미분류
구구 아이스크림,수치인
고메 크로플생지 와플 엑설런트 아이스크림,수치인
저도케이크는 엄천 많이먹지않능이상 다 이라 매일 요😅 이라고 내마음대로 야ㅜㅜ퓨,수치인
이거빵머예용,수치인
아이스크림 은 30분이 맞는지 1시간이 맞는지 몰라서 두번 쟀어요 는 120이 기준 거죠,수치인
편의점 김밥,수치인
베스킨라빈스 뒤로 튐,수치아웃
스벅 디카페 두유라떼,수치인
임당 바스크케익♥,미분류
디카페 라떼 스콘 더니 130 나왔습니다요,수치인
치즈케잌 다음날 공복에 영향있을까요,수치아웃
과자는요,수치인
필라델피아 치즈케익 ❤️,수치인
자유시간같은 카라멜초코바 좋아하시는 분들 필독,미분류
미주라토스트 얌희초코스프레드,미분류
바질페스토파스타,수치인
비건 카카오빵 1 4 무가당 저지방 우유,미분류
가나제로 아이스크림 드시고 햇다는 글보고,수치인
무화당 빵 진짜 보고 싶은데 한번,수치인
찐밤,수치인
가나 제로 30분 1시간 공유해요🙂,수치인
방울토마토 갯수,수치인
샤 머스캣,수치인
귤 수치,수치인
소당생활 무밀가루 무설탕 브라우니 블론디 빵 아몬드가루로 만들어졌대요,미분류
이거 보신분,수치인
슈거 프리 쿠키 ㅋㅋ,미분류
와 이게 초코맛도 나왔어요 0 대박,수치인
건빵튀김이랑 우유 어요,미분류
아이스크림은 30분 뒤 혈당체크이군요 우와 베스킨 아이스크림이 이라니 도전하고 싶네요,수치인
카카오 패밀리 - 카카오 카라멜 해요,미분류
스벅 우유품은초콜릿 크루아상,수치인
그림의빵 초코크림빵 어요ㅋㅋ,수치인
베스킨 이달의맛 고디바초콜릿맛,수치인
초콜릿 1시간뒤 120 가요 초콜릿 찾았어요♡,수치인
티라미수 wow,미분류
몽쉘 통통 제로아님 1개,수치인
홍콩제니쿠키 이요,수치인
케이크를 거의 50분동안 10분후에,수치아웃
엔젤리너스 반미샌드위치,수치인
홍루이젠 통밀햄치즈 샌드위치,수치인
가나제로 아이스바 좋아요,수치인
찹쌀탕슉 하신분,수치인
호떡 또는 찹쌀도너츠,수치인
감자,수치인
첫시도 혈당,미분류
그릭요거트 씨리얼 괜찮나요,수치인
와플 저세상 ㅠㅠ,수치아웃
평상시랑 비슷하게 샌드위치 는데,미분류
베스킨라빈스 아이스크림 적정량 드시고 통과하신분 있나요,수치인
쿠키 1시간 106 했어요,수치인
팥호빵 1시간 5분 129,미분류
초코케이크 했어요,수치인
아이스크림,미분류
엔젤리너스 디카페,수치인
wlstjd486259저 근데 너무 오늘따라 빵이 싶어서 찹쌀떡먹을거에요 휴,미분류
라라스윗 초콜릿맛,미분류
이 소스 드셔보신분,수치인
미주라 통밀도너츠,수치인
초당옥수수,미분류
홍시2개나 버렸어요🥲,미분류
커피가 너무 땡겨요ㅠ,수치인
헤이즐넛라떼 왜좋죠,미분류
과일,미분류
베이글에 크림치즈 발라 보신분,수치인
못참고 호두마카다미아초코칩쿠키를,미분류
시켯는데 일반 흰 우유보다 당도 0 라 부담 없이 있어요,미분류
행복한 그리고,수치인
통밀빵에 딸기쨈,수치인
귤이나 황금향,수치인
저 얼마전에 샌드위치반개 소보로 1 4개 방울토마토4개랑 닥터캡슐 하나 마셨는데 했어요,수치인
혹시 관리 잘되서 잘 나와도 베이글 같은건 먹으면 안되는거죠 먹는게두렵네요ㅠ,미분류
고구마 못참고 어요ㅋㅋㅋ고구마 - 1시간뒤혈당,미분류
크런키 빼빼로,수치인
작정하고 일탈한 쇼트케익 했어요,수치인
초코 아이스크림이라니 너무 싶네요 저도 무 아이스크림점 다녀와야겠어요 ㅎㅎㅎ 좋은 감사해요,미분류
디카페 믹스커피,수치인
황금향,미분류
다들 치즈케익 좋다고 하길래 도전,수치인
초콜렛 싶을때 대용품 찾았어요,수치인
앳킨스 초코바,수치인
땅콩샌드,수치아웃
현대백화점서 구매한 과자,미분류
이디야 끼리 스틱케익 플레 치즈 착한 이라해서 사봤어요,수치아웃
ㅁ 망개떡 대박이에요,수치인
저지방디카페 라떼 바나나,미분류
와플대학 ㅠㅠ,수치인
파리바게트 생크림케이크,수치인
집에서 빵 처음 만들어 본거라 완전 실패작일 줄 알았큰데 처음치고는 모양새나 맛 아주 괜찮 았어요 ㅋㅋ,수치인
와플 ㅠㅠㅠ 생크림사과쨈 바른,수치인
3 ㅠㅠ그래도 빵두종류다 이정도면 😅,미분류
아임리얼딸기1 2병 바나나반개,수치아웃
과자 예감,수치인
초코도넛 좋아여,미분류
사과 반쪽 귤2개 닥터넛츠 한봉,수치인
직접 만든 글루텐프리 저당 치즈케이크,미분류
카페 중독 애플와플 반 개 이요,수치인
오늘 계속 이길래 빵먹엇어요,수치인
못 참고 홍콩와플 는데 안튀었어요,수치인
으로 땅콩크림빵 먹을건데,미분류
전 어제 자기전에 짱구과자 반절을 흡입했어요 ㅎㅎㅎ,수치인
엇 바로젠2 반갑네요ㅎㅎ,수치인
오 어디빵일까여,수치인
유동부 통밀단팥빵 ㅠㅠ,수치아웃
지나 치즈케잌 조금 좋았는데요,수치인
임신 전부터 초코 관련 제품을 좋아했어요,미분류
슈크림 붕어빵,수치아웃
구구바,수치인
얼린 귤 너무 어요🥲,미분류
임당전 2박스를 사놨는데 두유좀 봐주세요,미분류
킨더초콜렛,미분류
미주라 나뭇잎쿠키 3개 반 을 땐 한시간 뒤 딱 120이었고,미분류
예쁘레드 파운드케이크 1 2,수치인
크리스피 도넛 1개,미분류
스콘 괜찮다고 하셔서 봤어요 집에서 만든 스콘이라 좀 작은편이예요 그리고 길쭉한건 통크 2개 ㅋㅋ,수치인
핫도그 혈당기 처음 사용하기,수치인
감 4알 는데요,미분류
현미누룽지 재시도,수치인
어묵이 너무 싶어요ㅠㅠ,수치인
현미누룽지,미분류
저는 모든 잡곡류 곤약밥 밥은 두숟갈만 도 다 튀어서 안 요 통밀식빵도 하나먹으면 튀어서 넘 슬픈데 ㅜㅜ,수치인
직장 점심 견과류1봉 카페라떼,미분류
팥 붕어빵 2개 저세상,수치인
윌 사놨는데 오를까바 못 먹겠어여 ㅜㅜㅜ,수치인
제로베이커리 초코타르트,미분류
투썸 티라미수 다 라떼먹엇는데 여 티라미수 괜찮은듯여 ㅋㅋ,수치인
스타벅스 클라우드치즈케이크 하나 다 도,수치아웃
던킨도너츠에 당 1g 짜리가 나왔어용 ㅎㅎ,수치인
저녁 큰사과 1 3쪽,수치인
역시 붕어빵은 사악해요,미분류
와플♡♡,수치인
윤 생크림 카스테라 플레,수치인
동네카페 치즈케익 카페라떼,수치인
붕어빵 2개,수치아웃
스타벅스 바닐라크림콜드브루,수치아웃
파바 치즈케잌,미분류
우와 ㅎㅎ 좋으시네요 먗십알 전 소심해서 몇알 ㅋㅋ 오곡쿠키도 잘 맞으시나봐용 이거 은 착한걸로 ㅎㅎ,수치인
필라델피아 치즈케익 첫 도전 ㅎㅎ,미분류
아침일찍이라 배고파서 파리바게트 BLT샌드위치,미분류
꽈배기,미분류
윤 생크림 카스테라 초코맛,수치인
아 꿀호떡,미분류
미쥬라도넛ㅇㅁㅇ,수치아웃
두부과자 1시간후 124,수치인
초코칩쿠키 약콩두유 취침전,미분류
붕어빵,미분류
미주라 소이아크래커 괜찮은 것 같아요-,수치인
탄수때문일꺼예요ㅠㅠ 과자로먹으면 잘올라가더라구요ㅋㅋㅠ,수치아웃
투썸 케이크 넘 좋아요,미분류
반시 1개 초과 탈락,수치아웃
예감 감자과자라 튈까봐 걱정하면서도 막달효과믿고 그냥 는뎈ㅋㅋ 원래 좋은 가요 몽쉘은 원래 하긴했어요 ㅎㅎ,수치인
빵장수 단팥빵,수치인
수치인....🙌,수치인
궁금,수치인
두유랑 먹을때랑 우유랑 먹을때 가 어떤게 더 안전할까요 혈당의 세계는 알다가도 모르겠어요ㅠ,수치아웃
좋으시네요ㅜㅜ전 홍시반개 127나왔어요ㅜㅠ초코케이크 사진속에있는 조각의 1 3드신거예요 ㅎㅎ,수치인
진짜 싶었던 치즈케이크 드디어 ㅜㅜ,수치인
허니버터칩,수치인
귀리쉐이크 좀 봐주세여,수치인
간식 수치아웃 😭,수치아웃
실패 ㅜㅜ,수치아웃
무당두유 바나나 한개 빠바 로만밀 빵 하나 는데,수치인
참다참다 먹은 피자빵,미분류
괜찮았던 들 공유해요💖,수치인
아몬드빼빼로,수치인
저 빵순이고 와플 좋아해서,수치인
플레 요거트에 위트빅스 시간이,미분류
끼리스틱치즈케익,미분류
요거 드셔보신분이요,수치인
과일 얼마나 드시나요,미분류
무화당 핫초코,수치인
야밤에 코코볼,수치인
액티비아 드링킹 요거트 재기,수치인
36주 일탈 베스킨 아이스크림라떼,미분류
센베이 과자,미분류
으로 단호박죽,수치인
저도 블랙글레이즈드라떼 도전,수치인
크리스피크림도넛 ㅠ,수치인
아이스크림 이요,수치인
카페 노티드 도넛,수치아웃
유과 랑 식초,미분류
구구99아이스크림,수치인
도전 저도 첫 도전이였는데 도전하길 잘햇다 싶더라구여 ㅎㅎ 마카롱보다 덜 달아서 그런가,수치인
귤,미분류
드디어 제로몽쉘,수치인
한스 레몬치즈케익,미분류
돌아서면 바늘 찌르고 또 찌르고 내려놓고 싶은데,수치인
아이스크림 왜 괜찮은건가요 월드콘,수치인
아이스크림 너무 파서,수치인
바디랩 통귀리두유 요,미분류
블랙글레이즈라떼😆,미분류
으로 미주라 토스트3개 도넛한개 아몬드브리즈 언스위트를먹엇어여ㅠㅠㅠㅠ 예상햇는데 한시간후 150,수치아웃
스타벅스 블랙글레이즈드라떼 어요,수치인
김치전 한 장 다 132,수치아웃
빵빠레 아슈크림,수치인
도전하는 느낌으로 치즈케이크 티라미수 포장,수치인
식단 관리 중,미분류
들린김에 무설탕캔디도 구매했어요 ㅎㅅㅎ,수치인
베라 파 트 31요거트 아몬드봉봉 피스타치오아몬드,수치인
으로 몽쉘 2개에 디카페 커피 도 되나요오,수치인
아님 아기가 남긴 야구르트반컵이랑 요거트 조금 잤거든요,미분류
과자를 너무 좋아하는데 2주동안 안 더니,수치인
메가커피 와플,미분류
아몬드 브리즈 무가당 하나 마시고,수치인
파바에 갔습니다,수치인
캔커피 정말 위험하네요,미분류
끼리 롤케이크,미분류
마카롱은 원래 좋나요,수치인
처음으로 파운드케이크 어요,미분류
개수 상관없이 입안 가득 싶어여🍇,미분류
떡볶이랑 거봉,수치인
내일 내과가는날 데 저녁 치케가 너무 싶어요,수치인
치즈케잌때문에삽니다,수치인
과일 우유 탄수 비스킷 최대 3조각,미분류
아침겸 ㅋㅋ,수치인
단팥빵,수치인
EDIYA 스틱 치즈케익,수치인
피코크 초코릿 샌드위치 비스킷 대단해요ㅜ,수치인
케이크를 못 끊겠어요 ㅠㅠ,수치인
설공 아이스크림 반통 어요 ㅎㅎ,수치인
쑥라떼 다쿠아즈,수치인
스벅 샌드위치,미분류
맞죠,미분류
설빙 치즈빙수 👍🏾,수치인
자두 복숭아 키위 사과 입니당,수치아웃
생크림 단팥빵 1 2 좋네요,미분류
우유한잔에 빠바 카스테라 한쪽 어요,미분류
수플레팬케이크,미분류
초록사과 끝물 홍로 괜찮을까용,수치인
홀린듯 와플,수치인
몽쉘,수치인
이빵 넘 어요ᆢ,수치인
클라우드치즈케익,미분류
망원동티라미수 좋아요,미분류
이디야 초코티라미수,수치인
아침에 토스트에 토마토 넣어 도 영향 없어서 이렇게 오를줄은 몰랐네요,수치인
투썸 치즈케이크,미분류
맘모스빵😁😢😁😢,수치인
제로칼로리 아이스티 동원,수치인
맥심 디카페 커피믹스,수치인
필라델피아 치즈케익,수치인
과자는 한시간이죠 ㅋ,미분류
당근케이크 어요,수치인
티라미수 스콘 혈당 1시간 92 이네용,수치인
29주 입성,미분류
오늘 컨디션이 너무너무 안좋으네요 ㅠㅠ,미분류
빵빠레❤,수치인
키토 소세지빵 라라스윗 혈당,수치인
점심식후 114 혈당확 하고 바로 어욤,미분류
임당확정받고 아이스크림은 못먹나ㅠㅠ,미분류
마몰로 치즈케익 새로운거 으로 도전,미분류
포카칩 어용,미분류
스 클라우드 치즈케익,수치인
남편이사온,수치인
저지방 우유에 하나 다먹은것도 아닌데ㅜㅜ,수치인
못참고 빵 흡입 ㅠ,수치인
샤 머스켓 요쿠르트,미분류
눕눕산모-대박 크림치즈케익 두조각 커피 햇어용,수치인
저의,미분류
짭짤한 과자 싶을때,미분류
떡 🤭,수치인
귤 정말 사악하네요,수치인
빙수는 30분 맞죠,수치인
스벅 더블에스프레소칩 프라푸치노,수치인
달달하고 빵이 너무너무너무 싶은도중,미분류
어머 저 매번 한봉다먹구 안재밨는데ㅠ 크림치즈까지 발라먹을때도있구 이제 재야겠네여ㅠ,수치인
당이 너무 땡겼나봐요 와플 흡입 115,수치인
포도 10알 30분 112,미분류
마이노멀 키토스노우 아이스크림 임당,미분류
원에이엠 곤약젤리랑 스파클링 두유 이것저것 같이왔더라구요ㅎㅎ,수치인
바삭바삭한게 싶어서,미분류
사과랑 통밀 크래커,수치인
저요 저 스콘에 눈 돌아서 좀 전에 으로 버렸어요 ㅠㅠ 너무 는데 후덜덜하네요 170봤어요,수치인
딱딱한복숭아 3 2,수치인
집에서 만들어 먹는 팥빙수,수치인
와플 혈당,수치인
에그타르트,수치인
스타벅스 클라우드치즈케익♡,수치인
동네카페 에그타르트,수치인
모카빵,수치인
저지방우유 반잔 같이먹엇으오,수치인
조각케이크랑 홀케이크도 없어서 냉동이라도,수치인
통밀 다이제 반통,수치인
천도복숭아 1개 30분뒤 95,수치인
라라스윗 진짜 넘 네요ㅠㅠㅠㅠ,수치인
빌리엔젤 밀크크레이프 케이크,수치인
저 요즘 복숭아 아이스티 넘 싶었거든요ㅜㅜ,수치인
설빙 딸기빙수,미분류
절미 설빙 떡1개 빙수 반정도 먹은 1시간뒤 111이면 가요,수치인
그릭요거트 그래놀라,수치인
몽쉘통통 정말 그렇네요,수치인
통밀식빵 샌드위치만들어억엇어요,수치인
투썸 케이크,미분류
키플 도지마롤,미분류
옥수수 콩알만큼 ㅠ,수치인
두부 반모 바나나1개 블루베리20개 두유나 우유 1팩 꿀,수치인
스테비아라서 설탕 대비 반 2 3만 사용하시면 돼요 스콘은 버터 대신 크림 들어가는 레시피로했어용,수치인
치즈케이크 ㅎㅎ,수치인
빵순이 데 먹을 수 있는 빵 찾았어요,수치인
밤 으로 단호박에그슬럿,미분류
아몬드브리즈대신 이요,미분류
저녁 식후,수치아웃
할리스 바닐라딜라이트 성공,미분류
샀어요,수치인
복숭아 겠네요 는 여름과일을 제한적으로 야 해서 너무 속상해욧ㅠㅠ,수치인
은 대부분 설탕무첨가요거트 미주라비스켓1개 토스트1개 치즈1개 방토 5ㅡ10개 견과류,수치아웃
스타벅스 에스프레소 프라프치노 ㅎㅎㅎㅎ,수치인
베라 아이스크림 무가당 매드어바웃,미분류
후 혈당 155 ㅠㅠ,수치인
치케와 라떼 💜,미분류
아몬드봉봉케이크,미분류
괜찮은 치즈케이크 공유해요,수치인
마카롱과 에이스,수치인
딱딱한 복숭아 1개,수치인
노설탕 통밀식빵 에어프라이기로 구워봤어요,미분류
저 어제 야식 일탈 했어요,수치인
야식으로 미역국수냉면 맛나요,수치인
키토 베이킹,미분류
우유대신 물에 타고 대체설탕 넣어서,미분류
삼송빵집 야채고로케 혈당 굿,수치인
과자 요,미분류
미주라도넛 ㅠㅠㅠ 겨우,수치인
미주라 나뭇잎 비스킷 얼마나 먹나요,수치아웃
팥초콜릿,수치인
1 디카페 으로 바꿈,수치인
으로 이런 걸 사봤어요,미분류
넛츠바,수치인
키토빵이 도착했어요,미분류
스키니피그 언제 재야하죠,미분류
미주라도넛 왤캐 어요,수치인
아이스크림이 싶어서,수치인
라라스윗 초코 얼마나드세요,미분류
너무 빙수 파여 ㅠㅠ날씨도,수치인
일탈 성공,수치인
꼬깔콘이요,수치인
100 통밀빵 만들어봤어요,미분류
뿌링클 야식으로 먹는건 오바겠죠,수치인
마트에서 파는 팥빙수,수치아웃
그릭요거트 그래놀라 신비복숭아,수치인
아침식사 토마토 주스 도될까요,수치인
쌀빵 무섭네요 ㄷㄷ,수치인
초코 의외로괜찮더라구요 몽쉘이나 씬다이제 같은거 저는괜찮았어요,수치인
믹스커피 마들렌,미분류
아침 미주라 도너츠 우유 오이,수치인
치즈케잌은 항상 좋은듯요,미분류
앙버터,수치인
4개 우유한잔도 전 이었어요ㅋ,수치인
크림빵 좋아용,미분류
크래프트 크림치즈 진한크림치즈휘낭시에,수치아웃
7시에 호밀샌드위치반개 이리저리 왔다갔다,미분류
드디어 가성비 초코릿을 찾았어요,수치인
대박대박 쿨라임드세오 😭,수치인
으로 통밀빵에 올려서 도 좋아요,미분류
자두 세알 💚,수치인
달달한건 질리고 싶던 과자 신나게 네요,수치인
빨간오뎅 10개 어요 ㅋㅋ,수치아웃
벌써 포도가 나오네요ㅜ,수치아웃
버거킹 으로일탈했어요😭,수치인
아침에 시리얼 2시간 쟀는데 88나왔다고 글올렸었어요,수치인
조심스럽게 치즈케이크 같은걸로,수치인
마카롱 뚱카롱 1개 으로 냠ㅡ,수치인
촉촉한 초코칩 도전했어요,수치인
크림단팥빵,수치인
집에 쟁여놓은 과자 다 줘버리려다가 처음으로 과자 한번 도전해봤어요 ㅋㅋㅋㅋㅋㅋ,미분류
초당옥수수 1 2개 괜찮아요,수치인
수박3조각,수치인
트레비 좋네유 ㅋㅋ,수치인
마트 팥빙수 일탈햇어요 ㅎㅎㅎ,수치인
이마트 트레이더스 치즈케익 1시간 혈당,미분류
바스크 치즈케이크와 아메리카노,수치인
이요,수치인
파리바게트 민초넛 민트초코도넛,미분류
구구나 아이스크림 진짜 착하네요,수치인
부추호박전,수치아웃
미주라 도넛 1시간후 혈당,수치인
올만에 보는 초코맛 행복했어요😭,미분류
이간식..,수치인
라라스윗,수치인
블루베리 좋네요,미분류
베리류 착하길바래봅니다,미분류
월드콘을 보았어요 공유,수치아웃
천도복숭아 정,수치인
늦은 이예요,수치인
꽈배기 어요,수치인
과자 좋아하는 막달 임당 산모입니다,미분류
임당산모 관리 3달째 접어들었어요,수치인
수제팥빙수 어요,수치인
사과 혈당,수치아웃
대추칩,미분류
베라아이스크림,수치인
은 중간중간 배고플때 아몬드브리즈 먹엇어여 ㅎ,수치인
미주라도넛 어요,수치인
천도복숭아 ㅎ,수치인
임당 확정 후 첫 아이스크림,수치인
일탈 컵라면,미분류
당근케익과 아이스카페라떼,미분류
어제 은 디카페 라떼 통밀단백질스틱2개 식후 1시간 112,미분류
호빵 두유 최악 ㄷㄷ,미분류
스타벅스 바나나크림 다크초코 블렌디드,수치아웃
아몬드크림프레즐 최악ㅠㅠ,수치인
너무너무너무 많이 익은 메론,수치인
한스 뉴욕치즈케이크 식후1시간 121,수치인
시리얼에 우유 말아 는데ㅠ 2시간후 68나와서 무가당요플레에 꿀넣어서 견과류랑 같이 용ㅠ,미분류
수박,수치인
토스트 사악하네요,수치인
스타벅스 바닐라라떼 청춘당 도너츠,수치인
그래두 4개드시고 저정도면 괜찮은거같은데요 저두 자두를 좋아하는데 도전해바야겠네요,수치아웃
통밀비스켓 6개 크림치즈 샥샥 바르고 먹다가,수치아웃
아몬드가루 머핀 만들었어요,미분류
도미노피자,수치아웃
뚜레쥬르 맘모스빵,수치인
점심 ㅠ,미분류
몽쉘성공했어요 수박은 쳐다보지도 말아야겠어요,수치아웃
요거트아이스크림의 정석,수치아웃
치즈케이크 도전했어요,미분류
통밀식빵한조각에 저지방라떼한잔괜찮을까요,수치인
고구마,수치인
통밀빵,수치인
빵이 너무 싶네요ㅠㅠㅠㅠㅠㅠ,수치아웃
호박파운드 한조각,수치인
필라델피아 치즈케이크,수치인
콜라를 너무 싶어서 는데 는 언제,미분류
일탈 삶은감자,수치아웃
골드키위 충격이네요,수치인
크리스피도넛 오리지날이욤,미분류
통밀식빵이요,수치인
스콘,수치인
통밀빵 어떻게 드세요 ㅠㅠ,수치인
저당질 파운드케이크 휘핑크림,미분류
스벅 바나나 초코 블렌디드,수치인
79 콘시리얼바,수치인
두부,미분류
수박이 너무 싶은데 당이 빡 오를까요 ㅠ,수치인
생라면 공유,수치인
통밀가루 아몬드가루로 만든 머핀,수치인
맥모닝 스낵랩 좋네용,미분류
임당 확정나고 과일 무서워서 멀리했는데,수치인
서브웨이 초코칩쿠키,미분류
구구크러스터,미분류
밥먹기는 싫고 빵먹기도 싫고 귀찮아서,미분류
저도 똑같은 아이스크림 좀전 30분되어서 쟤봤더니만 ㅜㅜ144 나왔네요 좌절 ㅜㅜ,미분류
필라델피아 치즈케익 카누 디카페,수치인
명랑핫도그 1개반 도전ㅋㅋ,수치인
참외 이요,수치아웃
너무 싶었던 아이스크림ㅠㅠ 도전해봤어요,수치인
임당에 토마토 괜찮나요,수치인
옛날토스트,수치인
트레이더스 크래프트크림치즈파운드,미분류
코코아 한잔,수치인
토마토 언제 재야하나요,수치인
서브웨이 쿠키,수치인
크릭통밀 크래커,미분류
딸기레어치즈 타르트,수치인
카라카라오렌지 1개,수치인
절편 못참고 는데,수치인
저는 일반사이즈 과자 샀더니 멈출수가 없더라구요 ㅠㅠ,수치인
크로아상 생지사서 구워 어용 혈당체크,수치인
새로운 - 디저뜨와,미분류
생크림단팥빵이요,수치인
아침에 통밀빵 대신에,미분류
또띠아요,미분류
크로플 생크림 아메리카노,수치인
임당식단 4일차 처음으로 단 섭취,미분류
수상한베이커리 초코브라우니,수치인
빌통 》임당 으로 육포를 먹게될 줄이야,미분류
치즈한장올리고 계란후라이 한개올리고 소스없는쪽 빵 버리고 는데,수치아웃
-르뱅쿠키 버터스콘,미분류
식전 토마토쥬스 괜찮을까요,수치인
투썸 헤이즐넛 마스카포네케이크,수치인
-허닭 육포 오렌지2개 구움도넛,미분류
수제 아이스크림,수치인
저도 오늘 도착해서 바로 는데 정말좋고 맛도 좋더라구요,수치인
- 직접 만든 구움도넛,미분류
미주라도넛 반개 미주라쿠키 2개 아아,수치인
몽쉘,수치인
미주라 도넛 ㅠ,수치인
초코케이크 초코스콘 오레오스콘,수치인
저녁 햘당이 낮아서 어요,미분류
미주라 통밀 도너츠의 배신ㅠ,수치인
혈당 드립니당,미분류
미주라 통밀 도너츠,수치인
우유생크림롤케이크,수치인
바프 마늘빵아몬드 추가,수치인
오늘 은 아아 미주라도넛,미분류
으로 토스트,수치아웃
이성당 야채빵에 생크림 찍어먹기ㅠㅡㅠ,수치인
파리바게트 프렌치마늘바게트,수치인
생 맘모스빵,수치인
수상한 초코빵과 우유,미분류
수상한 당근치즈파운드,수치인
크로플 아우어 더티초코,수치인
그나마 치즈케익이 괜찮다는 거 알지만,수치인
저녁 빵빠레ㅠ,수치아웃
돌 후룻컵 과일,미분류
아이쿠 우유랑 같이 안 도 가 튀는가봐요 잘 밀봉해두자구요,수치인
노티드 도넛 2개,수치인
요런거 도 되나용,수치인
으로 투썸케익한조각 우유 어요,미분류
설탕X 케찹만 뿌려서 빵끝만 남기고 다 어요,수치인
젤리,미분류
무가당요거트90g에 딸기 3개 - 95,수치인
저도 미주라통밀도넛 으로 있는데 진짜 어용 ㅎㅎ,수치인
치즈1장 방울토마토6알 저지방우유100ml,수치인
스벅 스콘 좋네요 ㅎㅎ,미분류
삼송 옥수수빵 찰보리빵 경주빵 ㅎ,수치인
저칼로리 아이스크림,미분류
수상한 베이커리 파운드케잌,미분류
삶은계란 저지방우유 200미리 무화당에서나온 피넛버터파운드 하나 이렇게 어요,수치인
커피포리 ㅎㅎ,수치인
공구 수상한베이커리 브라우니,미분류
먼치킨 -2개,미분류
다크초코아몬드🤎,미분류
공복 매일두유1팩,미분류
에그타르트 아이스아메리카노,수치인
제가 좋아하는 빵,미분류
오늘은 아이스크림🍦,미분류
딸기생크림케이크,미분류
미주라 도너츠 크림치즈 대박,미분류
에이스 뉴욕치즈케이크맛,수치인
4조각이면 많이 드시긴 했네요 얼렁 잊어버리시고 다시 초심으로 관리 잘하시기 바랄께요 아자자,미분류
저두 미주라 샀어효 ㅎ,미분류
바닐라라떼,미분류
스콘 안녕,수치인
진짜 맛잇어요 그냥 사과주스에요 ㅋㅋㅋㅋ,미분류
담터 호두아몬드 율무차 도 될까요,미분류
빵 대신 프로틴 바를 요 ㅠ ㅠ,수치인
🧇와플과 요거트아이스크림,수치인
노티드도넛🥲,수치인
구구콘 요,수치인
일탈 으로 소보루 크로와상😅,미분류
단백질빵 데 도착하고 너무 어요 네이버에 수상한베이커리 처보세요 당뇨환자들이 게먹을수있는 빵 데 전자주 요,미분류
혈당 는,수치인
저녁9시반에 서브웨이 치킨으로 빵은 곡물9가지로,수치인
너트바 견과류바 도 되나요,미분류
치즈케이크 좋다고해서 시도했어요😁,수치인
식빵과 치즈케이크의 차이 궁금해요,미분류
토피넛라떼 좋아요,미분류
배즙 도전 성공,미분류
무뚝뚝한 감자칩 한봉지,수치아웃
앗 저 이거 되게 많은데 떡종류는 무서워서 못 있는데 내일 야게써요😆😆,미분류
식빵 한장만 먹으도 혈당 확 튀는데 닭강정 성공햇네요,미분류
소보루빵 최고 찍었어요ㅠㅜ,수치인
스콘 고민있어요ㅠㅠ,수치인
미주라도넛 왜이렇게 나요 ㅠㅠ,수치인
카페 은안들엇나요 전초코나커피는카페 걱정에,미분류
저녁 오리고기 98이라서 딸기 몇알 첵스우유에 타서 몇스푼 절미쑥떡 팥앙금 1개 으로 어요,수치아웃
방금 스콘 어요 😭😭,수치인
키토케이크 검색해서 레시피 얻고 2배 분량해서,수치인
슈크림라떼 성공,수치인
오땅 진짜 좋아하는 과자 데ㅠ넘 싶네요ㅠ,미분류
저녁 자기전 두유드시나요 아님 저녁 도 드시고 자기전에 두유 또드시나요 ㅠㅠ,미분류
부러워요ㅠ 오예스 참 좋아하는데 전 초코묻힌게 넘 튀더라고요ㅜㅜ,미분류
상하이 치킨 스낵랩,수치인
장보다가 정말 과자가 싶어서,미분류
점심 으로 찹쌀도넛을 버렸어요,미분류
크로플 어요,수치인
스 아이스슈크림라떼,수치인
미주라 도넛 1개 잇는데요 탄수 1단위로 보면 될까요,미분류
요거트에 딸기ㆍ블루베리 다가,미분류
출산 163일차 스벅 슈크림라떼 커스텀,미분류
출산전 처음이자 마지막 일탈,수치인
그래서 아이스크림 먹구싶을땐 라라스윗 조금 여,미분류
내 죄를 내가 압니다,미분류
생크림찐빵,수치인
임당전 사두었던 아이스크림 ㅠㅠ,수치인
오늘도 신나는 타임,미분류
치즈케잌 어떤거 드세요,수치인
저도90대나와서 지금 치즈케크를 흡입하고있슴돠✨☺️,미분류
낮에 냉동실 정리하면서 현미서리태떡 45g되는거,수치인
이디야 플레 치즈케잌,미분류
스타벅스 케이크 했어요,수치인
홈메이드 딸기오믈렛,수치인
타르타르 타르트 ♡,수치인
으로 도전,미분류
라라스윗 아이스크림,수치인
청주오물렛 맘스케잌 굿,수치인
물에 충분히 불려서 165도 15분 - 바삭바삭 하더라고요,미분류
오이,수치인
무가당 요거트에 먹으려고 하는데 괜찮을까요,수치인
100 호밀빵,미분류
이거 도 괜찮을까요 -추가,수치인
곶감이랑 한라봉,수치인
으로 컵누들,수치아웃
이거 도 될까요,미분류
뚜레쥬르 우유크림빵,수치인
☆ 점심 딸기 큰거 4알 필라델피아 치즈케이크 반조각 스벅 디카페 따 아,미분류
스키니피그 아이스크림,수치인
으로 다이제한봉이랑 바나나반개 도될까요,수치인
초코파이 절대 먹으면 안되겠어요,수치아웃
새로운 도전해 봤어요,수치인
미주라 요거트 비스킷 아몬드 브리즈 언스위트,수치인
통밀과 아몬드가루로 만든 와플입니당,미분류
스콘 봤어요,미분류
저녁 으로 베리 아이스크림 레시피 공유,수치인
좋네용,수치인
임당이번에 확정받았어요 미주라 글이 많던데 이게 임당과자 가요 어디서 구매하는게 좋을지 여쭤봐요,수치인
ABC 초코쿠키 드셔보신분,수치인
처음으로 티라미슈빵 으로 초이스했어용,미분류
키토랩 스테비아 초콜릿,수치인
수제통밀쿠키 게,수치인
크리스피 도넛 5개 흡입,수치인
홈메이드 딸기라떼,미분류
허쉬 민트크림 샌드위치 쿠키 미주라 통밀 도넛,미분류
첫 이예요,수치인
딸기가득케이크 ㅋㅋㅋ,미분류
코스트코 프로틴바 괜찮은건지 봐주세요,수치인
미주라 통밀도너츠 ㅋㅋㅋㅋ,수치인
라라스윗 바닐라 1 3,수치인
투썸 치즈케익 도 130넘게 나와서 먹을까말까,수치아웃
무설탕 무밀가루 티라미수,수치인
무화당 초코마들렌,미분류
오 저는 미주라 도넛 성공했어요,미분류
찹쌀 꽈배기 찹쌀도너츠 드시지마세욧,미분류
저당빵 예쁘레나,미분류
붕어빵,수치인
치즈케이크 두조각 성공,수치아웃
키토빵 공유해요,수치아웃
생라면 공유 드립니다,수치인
애플망고,수치인
잘샀어요 저희집식구들이 버린 미주라도넛ㅋ,미분류
젤리 완전,수치인
저듀 라라스윗 아이스크림 좋았어요 다른맛이긴했지만 좋아서 일주일에 한번정도 쪼끔씩 퍼 요ㅎㅎ,수치인
초코쏙녹차찹쌀떡,미분류
아이허브 그래놀라,미분류
풀무원 모짜렐라 치즈볼 2개 ㅜ,수치아웃
통모짜치즈 2개 어요,수치인
통밀빵을 게 싶은 욕심에 검색중 스테비아 딸기잼이 있어서 사봤어요,수치인
미주라 통밀쿠키,미분류
빵은 안 위에만 걷어서 3조각 고 빵 끝에 치즈크러스트는 는데,수치인
요플레에 꿀 조금만 넣어도되려나요,수치인
딸기 3개와 미주라 통밀도넛 하나 싶은데,미분류
호떡으로 첫 일탈하려는데 너무 큰 일탈일까요,수치인
과자 단 거 말고 칩류 중엔 뭐 없을까여,수치인
통밀당초코파이 성공 ☆,수치인
치즈케이크 성공했어요,수치인
동네 빵집에서 밀크크림 가득 들어있는 모카 번을 샀는데,수치인
케잌 궁금해요,미분류
투떰 치즈케익 라떼,수치인
써브웨이 성공,수치인
이온음료,미분류
붕어빵이 너무 싶어서 남편한테 사달라했네용,수치인
마실거 좀부탁드려요,미분류
핫도그 너무머고싶어요ㅠ,미분류
바나나 초코파이,수치인
팥호빵 공유,수치인
스타벅스라떼 두유변경,미분류
찰떡파이 1개 공유,수치인
커피요,수치인
요거트 도되나요,수치인
미주라 입성했어요 ㅋ,미분류
요거트에 블루베리 가요 드시구 혈당 얼마나 나왔는지 궁금하네요,미분류
임신중에는 율무차를 안드시던데 드셨네요 음 과자랑 견과류는 괜찮은거 같아요 율무차가 조금 걸리네요,수치인
딸기케이크 흡입 ㅎㅎ,미분류
스벅 돌체라떼 치즈케이크 요,수치인
우유생크림빵 성공 했어요,수치인
치즈케이크,수치인
일탈했는데 가 나쁘지 않았어욤,수치인
치즈케이크 진짜 좋네요,수치인
통밀당 초코파이,미분류
스틱치즈케이크 바닐라라떼 94,수치인
치즈케이크 임산부커피 마시고 이용,수치인
도 될가요,미분류
붕어빵,수치인
붕어빵 싶어유,미분류
치즈케이크 실패요ㅠㅠ,수치인
99로 되는거 보고 딸기 7개랑 치즈케익 한조각 흡입중입니다 ㅠㅠ,수치인
이케아 치즈스틱 스벅 에스프레소프라푸치노,수치인
피자빵 진짜 좋아하는데 ㅠㅠ 저도 나중에 한번 봐야겠어요,수치인
제니쿠키 공유해요,수치인
딸기 공유 🍓🍓,수치인
완전꿀고구마2개,수치인
넘신나요 근데 믹스커피 찍어 싶었지만 참았어요ㅠㅠ,미분류
오늘 정말 꿀같은 하루,수치아웃
딸기쏙우유찹쌀떡,수치인
초코 후렌치파이 괜찮네요,수치인
꽈베기 혈당,수치인
몽쉘카카오 했네요,수치인
아 ㅠㅡㅠ 초코 못참아요,수치인
카페가서 아아랑 디저트 어요ㅋㅋ,미분류
야채 없고 사과잼이랑 고구마요ㅠㅠ,수치인
딸기생크림케익 뜨아,미분류
이번주 호두파이 통밀다이제 등,미분류
시리얼 진짜 사악하네요ㅠ,미분류
게르마늄사과,미분류
고구마말랭이,미분류
과자는,미분류
마카롱 커피 했어요,수치인
김치전 안녕,수치아웃
입맛도 건강하게 바뀌는 모양이에요 으로 나쁘지 않을것 같아요 콩이 100 라니,미분류
빠바 소세지패스츄리빵 꼬북칩 콘스프맛,미분류
붕어빵슈크림,수치인
파리바게트 아이스크림 공유,미분류
일탈 레드벨벳컵케잌,수치인
던킨도너츠 페이머스글레이즈드 도넛 공유,수치인
노브랜드 스파클링 라임 도 괜찮은거지요,수치인
스타벅스 디카페 소이라떼 공유,미분류
빼빼로크런키,미분류
아몬드 빼빼로 좋아요,미분류
끌레도르 치즈 아이스크림 성공이요,수치인
스타벅스 토피넛라떼,수치인
저 아몬드빼빼로 혼자 다,수치인
스벅 올리브바닐라크림케이크,수치아웃
크레이프케이크 공유요,미분류
몽쉘,수치인
미주라 ㅜ ㅜ 저만 튀나요,수치인
파리바게트 바움쿠헨 해요,수치인
으로 샌드위치,수치인
치즈는 착하드라구요,수치인
집근처 카페왓엇요,미분류
라면과자 찾았습니다 ㅋㅋㅋㅋ,미분류
으로 우유한잔에 먹엇는데,미분류
롯데 미니딸기크림샌드 공유,미분류
군산가서 빵사 어요,수치인
고구마 튀네요 ㅜㅜ,수치인
공유해요,수치인
파리바게뜨 소보루빵,미분류
CU편의점 애플파이,미분류
스콘 했어요,수치인
요즘 단거 초코 너무 땡겨서,수치인
길거리 풀빵 공유,미분류
약식 햇엇요,수치인
제니가 광고하는 과자,미분류
다이제 씬 착해요,미분류
파리바게트 가나슈 조각케익 107나왓습니다,미분류
스타벅스 토피넛팝콘트리프라푸치노,수치인
홈플러스 쌀과자 공유,수치인
빵 넘 어요ㅠ 도되는빵,미분류
오리온쵸코파이 우유1잔ㅎ,수치인
오늘 파바 계속하는데요,수치인
치즈케이크 좋네요,미분류
파바 야채빵 1시간뒤 86나왓엇요,미분류
봉봉제과 혈당안오르는 빵들이래서,미분류
몽쉘생크림케이크,미분류
카스타드 모닝밀 햇엇요,수치인
으아 먼치킨 세상 좋아하는데ㅜㅜ 진짜 무서워서 일반 빵들은 먹기 겁나요 흑흘,수치인
어우 찹쌀떡,미분류
투썸 뉴욕치즈케이크,미분류
틴볼스 민트,미분류
아이스크림 쥬스 과일 같은건30분이구요,미분류
팥붕어빵 3개,수치인
쁘티 몽쉘 생크림 케이크,미분류
초코발린 과자 공유 코스트코 다이제스티브,수치인
다이제 초코,수치아웃
한스 가나슈초콜렛케이크,수치인
오늘 유혹을 이기지 못하고 50그램 저지방 우유랑 네요 ㅠㅠㅜ,수치인
차압싸알 도너츠으으으으윽,미분류
미주라 도넛 할 해요,미분류
사과대추,수치인
으로 구운계란 갯수,미분류
초코쿠키 좋네요,미분류
노브랜드 카스타드 2개,미분류
과자 한봉지 공유요,수치인
위에 빵 날리고 어요𐌅��𐌅 신랑꺼랑 시켜서,미분류
붕어빵,미분류
찹쌀도너츠,미분류
호빵1개,수치아웃
구구콘,수치인
미쥬라 도넛 비스켓 커피 그외,미분류
몽쉘 생크림 아몬드브리즈,미분류
초단백질바 공유,미분류
샤 머스켓 10알 공유,수치인
예감 치즈그라탕맛 공유,수치인
단감반개 ㅋ ㅋ,미분류
폭주중ㅋㅋ생라면ㅋ,수치인
우유는 당류10g 이하 거 하나 다드셔도 되지만 미주라 같이 먹는거면 조절해야할듯요,수치인
오사카오지상치즈케이크 넘 착해요,미분류
마카롱 통과했어용,미분류
저녁 혈당체크후 항상 사과나 배 한두쪽씩 감질나게 먹다가 정말 더라구요 달기도 엄청 달고,수치인
스타벅스 카라멜마끼아또 공유해요,미분류
브알라 질소아이스크림,수치인
참크래커보다 조금 착한 찾아서 공유해봐요,미분류
당이 다른 아이스크림보단 낮지만 많이는 양심상 못 어용,미분류
찰떡이마미야손가락따는거정말겁나요ㅠ저는바늘무서워서그순간버튼누르는데시간걸려요ㅠ,미분류
던킨 도너츠 공유,수치인
통밀당 초코파이 존맛이에여 ᰔ 몽쉘이랑 이거랑 사놓고 아껴 있어요 ㅋㅋㅋㅋㅋㅋ,수치인
한시간 사악하면 담엔 치즈케익 도전해보려고요,수치인
저지방 우유 드려요,미분류
치즈케익 몽쉘 이렇게만 었는데,미분류
호박 절미 공유해용,미분류
미주라도넛과 라떼,미분류
식후 낮아서 치즈케익 ㅋㅋ,미분류
으로미주라도넛 는데 괜찮나요,수치인
잘 익은 바나나 1개 30분 2시간,수치인
노밀가루 설탕 없는 뻥튀기,미분류
초록마을 범산목장 아이스크림 좋아요,수치인
베라,수치인
혈당착한 요거트스무디 레시피용,미분류
밤송편2개 약과1개 공유,수치인
고구마는 진짜 안되나봐요 ㅜㅜ,수치인
저녁 으로 우유,수치인
저녁전 치즈타르트 성공이요😆,미분류
파바 조각치즈케익,미분류
지나가며 하나씩 먹는 다크초콜렛,미분류
삼립 치즈케익 드셔보신분 성분 좀 봐주세용 ㅠ,미분류
아이스크림 ㅎ,수치인
오 부럽네요 복숭아 반개만 먹으라해서 냉장고에 아직 쌓여있어요ㅜㅜ,미분류
퀘스트 땅콩버쿠키 단백질쿠키 좋네요,미분류
곤약젤리,미분류
오 그래놀라바,미분류
투썸 치즈케이크,수치인
오 ㅎㅎ커피 싶울때 저거 야겠어요 ㅋㅋ디카페 먹으러 스벅까지 가기 귀찮았는데ㅠ,미분류
으로 쌀과자 괜차나요,수치인
쫄아서 구구아이스크림 반만 봤어용 ㅎㅎ,미분류
아 통밀당 초코파이 도 있었네요,미분류
옥수수와 도너츠,미분류
자기전에 저지방우유200ml 아몬드7알이예요,수치인
오늘은 망했네요 뚜레쥬르 치즈브라우니 ㄷㄷ,수치인
미주라통밀도넛 아몬드브리즈언스위트 성공,수치인
구구바 30분 증샷이여,미분류
사실 요 근래 구구바 슈퍼콘 생크림케익 치즈케익 등,수치인
오늘 처음 본 이에요,미분류
온라 주문 케톤빵들 1시간 혈당 정리,수치인
구구바 처음 도전했어요,미분류
치즈케익 1 4판 ㄷ ㄷ ㄷ,미분류
샤 머스켓ㅋㅋㅋ,미분류
치즈케익,미분류
불고기피자 R 치즈피자 R 치즈오븐스파게티 시켜서,미분류
생크림케이크 성공성공🍰,수치인
오늘 탕수육 일탈했어요ㅠ,미분류
호밀빵 매일두유 설탕무첨가,미분류
치즈케이크 생크림케이크 성공,미분류
멜론 빠잉,수치인
탄수 좋네용,미분류
저도 오늘 생크림와플에 라떼까지 마셧는데 1시간 92나왓어요 밀가루가 안튀는걸까요,수치인
미주라도넛 도 튀나용,수치인
노브랜드 치즈케익 첫도전 성공,미분류
거봉을 또 어요,수치아웃
오잉 샌드위치 성공했어요,수치인
통밀당젤라또🍦,미분류
포도 149나왓엇요 ㅠ,미분류
구구콘 ㅠㅠ,수치인
스타벅스 성공🎉,수치인
요거 어때요,미분류
빠다코코넛 우유 성공,미분류
생크림모카번 성공입니다,미분류
구구바 성공,수치인
찰떡이마미야네네 도 착하니 좋으네요 밀가루는 무조건안되나했는데 그것도 아닌거같아요 진짜 어려운 임당이에요,수치인
크레이프케이크 성공했어요 -,미분류
닭발,미분류
말로만 듣던 통밀당 초코파이,미분류
크로와상ㅎ,미분류
운동해야하나요,미분류
아 치즈케익,수치인
만료 하루전 기프티콘이 생각나 스벅 녹차생크림케잌과,미분류
구구콘 성공,미분류
그라놀라 요거트성공,미분류
초코 미니다이제 성공,미분류
두유도 재나용,수치인
신랑이 저녁 아이스크림 먹을때마다 부러워하다가,미분류
치즈케익,수치인
99라이트바 무섭네요,수치인
어젯밤 야식 치킨,수치인
하프커피 버터크림라떼,미분류
나랑드사이다,수치인
거봉을 더니,수치인
치즈케익 혈당 괜찮네요,수치인
파리바게트 빵 혈당 공유합니다,미분류
겨우 식단 3일차 데 너무 단게 땡겨서 죠리퐁 우유에 말아 버렸는데 1시간후 141이네오 ㅠㅠ헉 햇습니다,미분류
찹쌀도너츠 꽈배기,수치인
곱창😋,미분류
하루 가나초코렛4조각 ㅠ 안돼나요,미분류
구구바 좋아요,미분류
호밀호두식빵으로 샌드위치 만들었어요,미분류
이거 편의점에 파는 끼리 크림치즈롤 그건가요 그거 엄청 좋아하는데 제가 한번 도전 해보고 싶네요ㅜㅜ,수치인
케이크 ♡ 통과♡ 기쁩니다,미분류
꿀벌이아뇨 그런건아니데 높게나올까바서여ㅋㅋ,수치인
빵빠레,수치인
통밀당 초코파이 조아요,미분류
지난번에 사과 작은 두 세조각 저녁먹은 후로,수치인
어떤게 더 나아요,미분류
치즈볼2개 식후 1시간 168나왔네요 저번엔 도미노 씬 피자 2조각 171 저는 안되나봐요ㅠ,미분류
헛 높다아 달다구리 땡길 땐 통밀당 초코파이가 짱 거 같아요 그거 주문해서 한동안 그것만 는데,수치인
초코다이제 도괜찮을런지,수치인
아침은 통밀 샌드위치,미분류
삼송빵집 크림치즈빵,미분류
두유랑아몬드 혈당,미분류
임당 후 첫 초콜렛 가나바 어요,미분류
공차 밀크티 최악의 ㅠ,수치인
참크래커나 아이비로 바꿔봐야겠어요ㅠㅠ,수치인
크리스피도넛🧡,수치인
마카롱 성공😄,수치인
라라스윗vs스키니피그 혈당차이,미분류
딱 120 나오네요 ㅋㅋㅋ 담에도 콘은 빼고 먹는걸로😵😵,미분류
간식 ~~,미분류
동그란뻥튀기 는데요 쌀 귀리로 만든 손바닥만한거 6조각 들어있어요,미분류
트레이더스 두부과자,미분류
오늘도 성공적,수치인
무가당 요거트 작은거 한개,미분류
청사과 왜케 나요 ㅜ,수치인
왕방울한 자두하나,미분류
슈퍼콘 딸기 통과,미분류
가평 호두 잣 과자 5알,미분류
카페 무화당 빵을 맘껏 먹을수있어서 충격적이네요,수치인
복숭아 견과류,미분류
초코파이,수치인
관리둘째날입니다 으로 주로 뭐 드세요,수치인
스키니피그 아이스크림 어요 ㅎㅎ,미분류
오늘 아침엔 계란2 오이1 3 키토파운드빵 1쪽 식전 95 식후1 2시간 둘 다 97 보고,수치인
미주라도넛 3분의 2개 두유반팩,수치인
간식,미분류
엔쵸 정말 깜짝 놀랐어요,수치인
점심 식후 혈당이 87이라서 초코쿠키 어용ㅎ,수치인
노브랜드 치즈케익,수치인
수박 당체크,미분류
두유 파프리카 당근,미분류
나뭇잎쿠키 얼마에용,수치인
옥수수 진짜 조금,수치인
빙수에 연유는 2스푼만 넣어서 떡안빼고 그냥,수치인
에어베이크드 과자 폭망 ㅠ,미분류
스타벅스 치즈케이크 ㅠㅠ,수치인
카페에서 핫한 아스크림 라라스윗 초코맛 첨 봤어요,수치인
수제햄버거 폭망 ㅜ,수치인
곤약젤리,수치인
빵사랑하는 빵순이라 오늘은 빵을 보고자,미분류
라즈베리 젤라또 아이스크림 나쁘지 않아 ㅎㅎ,미분류
소문으로만 듣던 노브랜드 치즈케익을 드디어,미분류
옥수숙 반개,수치인
호박씨 좋은 것 같아요,수치인
수요일 목요일 자기전에 먹은 이예요ㅎ,미분류
올리브영 블랙빈 또띠아치즈콤보 나쵸,미분류
전 아침에 샐러드 계란 라떼 한잔,수치인
앉은자리에서 아이스커피랑 한봉지 해치웠네요,미분류
이마트 통밀크래커,수치인
삐안코 아이스크림 망입니다🤬,수치인
초코가 다크 초콜릿이었고 안에 초콜릿은 조금 들어있어요,미분류
구구콘 하아,수치인
미주라 통밀도너츠,수치인
생크림케이크 좋아요,수치인
오늘 총 입니다,미분류
실패 ㅎㅎ 크라제핫도그,수치아웃
저두 끌레도르 아이스크림 성공한거 같아요,미분류
끌레도르 아이스크림 성공,미분류
ㅠㅠ사악한놈 예요,수치인
투썸 그뤼에르치즈무스 케이크 좋아요,미분류
야식으로 뿌링클치킨,수치인
아이스크림 비교샷,미분류
탄산수,미분류
뭐로 드시나요,수치인
사과주스랑 과자 쬐금 는데ㅜㅜ,수치인
으로 수제버거를 보았습니다,수치인
치즈케이크 진짜 좋네요,수치인
수수팥떡 어용,수치인
상하목장우유아이스크림이 올라간거라 넘 어요ㅠ,미분류
혹시 이 두유 드셔보신 분 계세요,미분류
카페에서 좋다는 애들 저한테는 해당사항 없어서 항상 체념하며 가끔 치즈케이크 정도 먹는데,미분류
투썸 티라미슈 😅,미분류
그나마 그래놀라가 당15 라서 사봤는데,미분류
여기 카페에서 알게 된 통밀당 초코파이,수치인
에그타르트 좋아요♡,미분류
약콩두유😬,수치인
필라델피아 크림치즈로해도,미분류
좋다해서 아침에 맥모닝으로 일탈,수치인
첫관리식단 데요,미분류
이디야 치즈스틱케익,미분류
이 이정도믄 오바 가욧,미분류
팥빙수,미분류
무설탕마들렌,미분류
초당옥수수 좋네요,수치인
참크래커1봉 오곡쿠키2봉 튀네요 ㅎㅎㅎㅎ,미분류
치즈케익 좋네용,미분류
에 대해서,미분류
어제는 복숭아 하나 도전하고 오늘은 포도 도전합니다,미분류
지금젤먹구싶은 마카롱,수치인
메론 좋네용,미분류
쿠팡에서 아몬드브리즈 언스위트 사려고 하다가,미분류
치즈 통밀 크래커라는데 안되겠죠,수치인
이거 으로어떨까요,수치인
수플레팬케이크,수치인
악마의빵,미분류
연유 팥 빼고 떡은 5개 정도,수치인
과자 해주세용 ㅎㅎ,수치인
황성주 국산콩 두유 ㅠㅜ,수치인
마시고 바로 재면 안나오나요,미분류
수제요거트 냉동블루베리,수치인
다이제 2개 아몬드브리즈 언스위트 오후 으로 는데,수치인
스타벅스 번트치즈케이크,수치인
아이스크림 대신해서 너무 좋네요 ㅎㅎ,수치인
너무 더워서,미분류
으로 자두 2개 는데요,미분류
살구 천도복숭아 으로 괜찮을까요,수치인
베지밀 저당두유,수치인
혈당,미분류
버터링,미분류
요거 도 될까요,수치인
이정도 괜찮나용,수치인
스벽 말차라떼 공유,수치인
역시 쁘띠몽쉘💙,미분류
초코는 약간 불량식품 맛 데,미분류
좋았던 공유해요,수치인
맘같아서는 오예스 3개 치즈케이크 한조각,미분류
시중에서 파는 둥지냉면 끓여드신분,미분류
팥고당 생크림단팥빵,미분류
수플레 팬케이크 성공♡,미분류
스타벅스 디카페 카라멜마끼아또,미분류
오전 - 미주라통밀비스켓 아몬드브리즈,수치인
시간 정해져있는건가요,수치인
초콜릿 성공이요 ㅎㅎ,수치인
호두파이 ㅎ,미분류
파리바게트 생크림크로와상,수치인
스타벅스 번트치즈케이크,수치인
이디야 디카페 콜드브루💙수플레치즈케잌,미분류
초코 웨이퍼롤 과자 사악해요ㅋㅋ,수치인
핫한 통밀당 초코파이 넘 어요 ㅋㅋㅋ,수치인
바스크치즈케이크 좋아요,미분류
생크림롤케이크 좋네요,수치인
시간이에요,미분류
할리스커피 메뉴 해주세요,수치인
빵도 맛나고,미분류
미주라도넛 정말 착한아이 맞나요,수치인
스타벅스 번트 치즈케이크 히비스커스티,수치인
다신샵 통밀당 초코파이,수치인
달달하니 좋아요,수치인
먹다보니 바닥이 보일정도로 ㅠ,미분류
바리스타 로어슈가 라떼 좋아용,수치인
곤약현미 떡볶이 공유요,미분류
호떡이 너무너무 싶어서,미분류
저도 쟁여놓고 요 너무좋아요 저는 아몬드브리즈랑 먹는데 하루에 두개 넘지 않으려고해요ㅠ지방 함량이 있어서,미분류
하루에 사과반쪽 먹으면서도 쪼는 쫄보라 이 과일들을 어쩌나 하다가,수치인
치즈케익,미분류
2달넘게 아이스크림 못 는데,수치인
곰팡이핀 통밀식빵,수치인
집에서 디카페 아이스라떼 만들어먹기,미분류
임당 후 첫 아이스크림이에요,수치인
오트밀 요거트 넣고 꿀 넣은맛이예요,미분류
콩국수 롤링핀 바닐라크림 크로와상,미분류
다신샵 통밀당 팥빵 -저렴하고 어요,미분류
혈당 체크후 배가고파서 으로 미주라 도넛 먹으려다,미분류
초당순두부 아이스크림 저두 성공이요,미분류
키커 초코바 미주라 통밀도넛,미분류
하루상하이치즈2장섭취괜찮을까요,수치인
루카스 9 라떼,미분류
지금 미주라도넛 위메프할 해요,미분류
통밀초코파이에 아몬드브리즈,수치인
닥터키친 빵 봤어요,미분류
근처 빵집에 오믈렛 팔길래,수치인
초당순두부 빵빠레,수치인
우유랑은 안먹구 먹다보니 감질맛나서,미분류
복숭아 공유요 ㅎㅎ,수치아웃
꽈배기,수치인
자두가 나왔어요,수치인
모카케이크가 너무너무 어보여서,미분류
오곡쿠키 아이비 모두 가 넘 높네요ㅜㅜ,수치인
지금 낳으면 애가 너무빨리 나온다고 주사바늘꽂고 8일간 당도 못재고,수치인
나와서 탄수섭취를위해 피자빵만들었어여,수치인
달짝지근 빵,수치인
아몬드 스콘 만들어 있어용 -,미분류
투썸 딸기초코케이크,수치인
두유 우유 너무좋아해서ㅠㅠ,수치인
요거트 산딸기 블루베리,미분류
와 치즈케이크 진짜 착하네용,미분류
이침대용으로 빵 는데 좋았어요,수치인
초코과자 🍪,미분류
닥다몰 단호박 머핀,수치인
저도 아포가토 만들어봤어요♡,미분류
백설기는 어떤가요,미분류
보통 착하다고하는 들 라라스윗 치즈케이크 몽쉘 미주라쿠키 오곡쿠키 등 드시고 식후 얼마나 오르시나요,미분류
찹쌀꽈배기,미분류
너무너무 과자가 땡겨서,미분류
혈당공유 미주라토스트1개 vs 미주라토스트 크림치즈,수치인
오늘은 크래커 1봉 1시간 안정적 거 확 하고 바나나 반개도 추가로 어요ㅎㅎ,미분류
전주 초코파이 91,수치인
망고주스,수치인
바나나 반쪽 혈당 102 확 후,수치인
라라스윗,미분류
참외하나 도전,수치인
도지마롤과 딸기💓,수치인
이성잃고 썬칩135g 1봉지 클리어,수치인
오예스 미니 2개1시간 공유,수치인
닥다몰 첫이용,미분류
맥심 디카페 믹스에 우유타서 더니 94밖에 안나오더라구요,수치인
원래 초콜릿은 입에도 안대는 사람이었는데,미분류
저녁 구구콘 때렸네요,미분류
도도한 나초 과자 카누디카페 공유합니다,미분류
초코케이크,수치인
몽쉘과 카누라떼의 배신ㅠㅠ,수치인
스타벅스 레드벨벳 치즈케이크,미분류
마카롱 두유라떼 이요,수치인
저도 애기작아서 키우겟다는 일념에 오바한듯해요ㅋㅋㅋㅋ,미분류
몽쉘과 우유 1시간 후 1시간 20분 후,미분류
치킨야식,수치인
요거트에 견과류 1시간체크 맞나용,미분류
마카롱 성공 ㅎㅎ,수치인
청포도 20 알,미분류
도미노 피자 저는 실패요 ㅜㅜ,수치인
점심 으로 우유에 아몬드 한줌 쉬고있는데 친한 동생이 멘보샤 만들었다구 조금 갖다줬어요,수치인
무가당카스테라,미분류
굽네치킨 고추바사삭 2시간후 118,수치인
남편은 자바칩 프라푸치노 시키고,미분류
플레 요거트에 스테비아 설탕 넣고 크래커에 얹어 는데 1시간 잘 안떨어지네요ㅜ ㅜ,수치인
이나 너무 일탈적 일탈음식 싶을 때 제 방법,미분류
으로 는데 ㅋㅋ 너무많이 버렸 라떼에 수박을 거의다,미분류
닥터키친 카카올로지 시리얼,미분류
라떼에 스테비아설탕도 튀네요,수치인
오전 으로 탄수 채우려고 얼그레이컵케익1개랑 사과1 3쪽 어요 노밀가루 노설탕 노버터,수치인
맥도날드 에그불고기버거 제로콜라,수치아웃
파리바게트 브라우니 라떼,미분류
요즘 핫한 달콤도넛 어요,수치인
무가당 캔디 웨덜스는 괜찮나여,수치인
경주빵에 아메연하게,수치인
견과류에서 크린베리 말린과일 는 안 구요 아몬드가 많아서 몇알 빼고 딱 사진만큼만 습니다,미분류
에그드랍 어요,미분류
투썸 커피쉐이크 혈당 성공하고 신이나서,수치인
디카페 으로 바꿔도 샷추가 한게 디카페 이고 커피 들어있어요,미분류
몽쉘 미니도 성공이네요,미분류
구구 30분뒤는 괜찮은데 왜 1시간뒤가,수치인
라라스윗 아이스크림,미분류
설탕대신 쓸수있는 것 부탁드려요,수치인
구구 2개 는데,수치인
없네요ㅜ과일이랑 과자넘 싶은데ㅜㅜ,수치인
저는 집에서 밥 먹을때 뜨거운밥 바로 먹지 않고,수치인
몽쉘 저지방우유 한잔ㅠㅠ,수치인
초콜렛,미분류
앙버터 초코스콘 ㅜㅜ,미분류
카레ㅜ,수치인
으르복숭아요플레 는데요,수치인
꼬깔콘 안녕,수치인
월드콘 아니아니아니되오,수치인
닥다몰 연근칩반이랑 약콩두유,미분류
미주라도넛,미분류
통밀과자 4개 딸기3개 공유요,미분류
달고나소이라떼 공유요,미분류
뼈찜은 먹으면 안되겠어요,수치인
미주라 통밀 쿠키는 으로 어떤가요,수치인
소심한 아메리카노 애플파이,미분류
꿈에서 초코송이완전맛나게 어요ㅋㅋㅜ,미분류
서브웨이 이탈리안비엠티 렌치 핫칠리소스 에다가 집에서만든 라떼한잔먹구,수치인
야식으로 티라미수,미분류
떡이 너무 싶어서 보리떡 도전,수치인
9개월째,수치인
아몬드브리즈 카카오 몽쉘 1개,미분류
미주라 도넛 신세계네요 0,수치인
짭잘이 한개 콘푸라이트 저지방우유,수치인
커피어떻게 드세요,수치인
딸기 재봤어요,미분류
집근처 빵집가서 슈크림슈 하나 사왔어요,미분류
아이스바닐라라떼 매일 싶어요,수치아웃
호밀빵 나또 샌드위치,수치인
꺅 기다리던 시간♡홈까페 아이스라떼,수치인
아이비 3개,수치인
미주라통밀도넛사게요,수치인
야식ㅋ,수치인
저 노란과자 하나 봤는데ㄱㅋㅋㅋ맛진짜없어요ㅎㅎ,미분류
이디야 치즈케이크,미분류
카스테라써잇는데 계란빵이에요 엄청골고루많이시켯더니 실수한듯 는12시측정할거에요 보나마나또좋겟지ㅋ,미분류
미주라 통밀쿠키,미분류
이케아 오트밀 귀리 쿠키 sugarfree,수치인
바나나 1개랑 셀렉스 1봉 여기까진 도 잘나왔던 데,미분류
닥다몰 카스테라 정말 착하네요,수치인
참크래커 주문했더니 왔네요,미분류
초코는 반도안먹엇어요 ㅎㅎ,미분류
쑥개떡 과 수박,미분류
레드벨벳머핀 오예스 라떼 마시고 망했어요ㅠ,수치인
치즈맛 오뜨 한봉 는데 1시간 가 110나오네여 고구마작은 1조각 정도긴하지만,미분류
오렌지 드셔보신분,수치인
직접만든 치즈케이크,수치인
요플렛에 사과2 3 양배추 당근 넣어 는데,수치인
편의점 끼리치즈케이크 좋아요,미분류
닭가슴살칩이랑,미분류
달고나라떼는 맛만보구요,미분류
역시 고구마 아가야 미안,수치인
저 기정떡 성공이요ㅠㅠ,수치인
직접만든 땅콩쿠키,미분류
달고나커피 만들었어요,미분류
쿠키 좋아하시는분들 요거 해용,수치인
따뜻한 커피랑 같이 먹으니,수치인
슈크림라떼가 너무 싶었지만,미분류
미주라도넛 성공쓰,미분류
야식으로 샌드위치요,미분류
착한 찾았어요,수치인
떡은 이제 출산전까지 영원히 바이바이 하는걸로 해야겠어영ㅜㅜ,미분류
구구콘도전,미분류
월드콘 ㅜㅜ ㅋ,수치인
이거 어요,수치인
팥찐빵 집에서 만들었어요 공유,미분류
빵빠레 바닐라맛,수치인
-사과 반쪽은 30분에 110 105 나왔어요,수치인
누드빼빼로,수치인
마켓컬리 치즈케이크 한개 ㅎㅎ,미분류
맘 마카롱 어요,수치인
코피,수치인
델리타스 다쿠아즈 1시간 후 공유,미분류
티코 아이스크림 ◡̈,미분류
괜찮은 스콘 함께 공유하고싶어요,수치인
임신전부터 망넛이네 빵 너무 좋아했어요,미분류
아침에 보건소 오느라 잔기지떡 나섰는데요,수치인
빵빠레 공유해여,수치인
무가당플레 요거트가,수치인
노브랜드치즈케익성공,수치인
시장에서 파는핫도그 두될까요,미분류
아이비 하나랑 치즈 15g짜리 두조각 괜찮겠죠,수치인
간식추천,미분류
점심 2시간 111 찍고 바로 홈런볼 1봉지 다,미분류
닥다몰 브라우니랑 과자,미분류
전 초코를 넘 사랑해요ㅠ 초코우유반잔,수치인
집앞에 소보루빵안에 단팥든 빵을 파는데 너무 싶어서,수치인
제로베이커리 브라우니 진짜 혈당 착하네요 ㅠㅠ감격,미분류
스벅에서 카페타임 가졌어요,수치인
닥다몰 과자한봉,미분류
닥다몰 단호박머핀 ㅎ,수치인
홈런볼에 저지방우유 성공이요,미분류
콜라겐팝,수치인
레몬에이드,수치인
임당 환자 빵쇼핑 했어요ㅋㅋ,미분류
구욘 슈가프리 초코칩쿠키,미분류
뚜레쥬르 치즈브라우니,미분류
이케아 치즈케이크요,수치인
파바 소세지빵 버거킹콰트로치즈버거 제로콜라,미분류
꼬북칩,수치인
파바 왕슈 조아요,수치인
오곡쿠키요,미분류
삼립 미니 사과맛 쿠키,수치인
뚜레쥬르 치즈브라우니랑 라떼 공유요,미분류
식후2시간 99 후 꽈배기1시간 98❤,수치인
콕콕콕 스파게티 컵라면ㅎ 역시 튑니다,수치인
글루텐프리에 당류도0g 튀기지않은 고단백 이래요 저녁 식후2시간 109 나와서 과자 도전해보아요,미분류
바리스타 카라멜 딥 프레소,미분류
힘드네요,미분류
남편이랑 아이들,미분류
오늘은 맘편히 빵을 보아요,수치인
따따블치즈핫도그 명랑핫도그,수치인
어떠셨어요 ㅜㅜ 이아이스크림 너무 싶어요,미분류
아이들 먹이다가,미분류
라라스윗 아이스크림 한통,수치인
코스트코 삼립 촉촉한 밀크 롤케익,수치인
초코에몽 한팩 시원하게 먹는게 소원 데 ㅠㅠ,수치인
맛난 빵도 아니고 달달한 케익도 아닌 그거슨 ㅋㅋㅋㅋㅋ,수치인
치즈를 으로,미분류
다이제초코 ㅜ,수치인
카누 디카페 라떼 미주라 도넛,수치인
헉 저 이거 으로 커피에두개 안재봣는데ㅜㅜ 이렇게높은건가요,수치아웃
근처 세븐일레븐가서 바로 라라스윗사왔어요,수치인
그래서 던킨 빵 사 는데요,수치인
천혜향 큰거 반쪽 어요,수치인
찰보리빵 오늘도전했네요ㅎㅎ,수치인
미주라도넛,미분류
몰티져스 우유,미분류
시댁설선물 저는 작년부터 이거로 밀고 있어요 feat 100 석류즙,수치인
GT단백한 우유 당 7 으로 는데,수치인
해요,수치인
아주작은 레몬케이크 ♡,미분류
고구마 유혹 어쩌죠😭,수치인
미주라 도넛 최고치 갱신 혈당 체크 전에 서 그런거겠죠,수치인
초쿄바 해요,수치인
아기 때문에 펑펑 울지도 못하겠어요 ㅠ,수치인
스벅 유기농 말차로 만든 라떼 D,수치인
당연 위에 빵하나 날리구요,미분류
요즘 카페에 딸기콕콕박힌 생크림케이크 올라오는거보고 너무생각이 간절해 식사일탈은못하고 일탈햇어요 ㅎㅎ,수치아웃
아이들 충치캔디 두개 뺏어 어요 ㅎㅎ,수치인
스벅 토피넛라떼 30분,수치인
두부과자는 별로입니다,미분류
투썸 티라미수 케이크 4분의 1쪽,수치인
으로 예감,수치인
스타벅스 디카페 돌체라떼 시럽-3 157,수치인
치즈케이크 좋아요♡,미분류
토띠야라 통밀이 엄청 압축되어있나바요,미분류
임당 디카페 커피,수치인
투썸 케이크,미분류
과자파티,미분류
바로 미주라도넛에 아메리카노 마셨는데,수치인
샤 머스켓 못참고 계속 있어요,미분류
크리스피롤,수치인
크리스마스케익,미분류
아이비 아몬드 블라썸,미분류
바로 치케 두조각 버렷어용 원래 한조각먹는데,미분류
파베 치즈케익,미분류
애플망고,미분류
베스킨 110 근데 공복 망함ㅜㅜ,수치인
말차아몬드브리즈 142,미분류
달달한 병원가는 날,미분류
미주라도넛🍩🍩🍩,수치인
명량핫도그 참아야겠죠,수치인
먼치킨에 홀렸어요😭,수치인
욕심부려 바로 블루베리 30알 요거트,미분류
드셔보신분,수치인
주로 어떤걸로드시나요 맘같아선 과자빵우유 다 싶어지네요ㅠ,미분류
저녁으로 치킨,수치인
파리바게트 초코케익 성공,수치인
미주라 과자 시리즈도 질리고,수치인
야식으로 만두,수치인
입이너무심심해요ㅜ 원래과자보다 오징어나 문어다리같은거 잘 는데ㅜ 마른오징어혈당높을까요 드셔보신분있나용,수치인
으로 빵 반틈 도전했는데 134 ㅠㅠㅎ,수치인
델리만쥬 먹는거같네욪 겉바속촉 ㅠㅠㅠㅠㅠ 너무맛잇어요,미분류
아이비보다 참크래커가 더좋다고봣어요 오곡쿠키 미주라쿠키도 마니드시더라구요 저는 참크래커랑 오곡쿠키 잇어요,수치인
요거트 견과류 귤 30분 쟀는데 한시간도 재야하나요,미분류
우유,수치인
투썸케이크 좋네요,수치인
귤 🍊,미분류
이케아 호밀비스킷,미분류
오곡쿠키보다는 더 는거같아요 ㅎ,수치인
서브웨이 BLT NG,수치인
서브웨이 쿠키요,수치인
저녁도 8시에 는데 혈당체크30ㅡ40분전에 그 기다랗고 큰 과자를 4개정도 먹은것같아요ㅜ,미분류
전 요거트에 귤 넣어서 어용,미분류
스벅 초콜릿 딸기 체커스 케이스,수치인
군고구마 도전이요 절대드시지마세욥,수치인
수플레 팬케이크 직접 만들면,미분류
여기 글보고 샀는데 진짜 초콜릿 맛이네요,미분류
요거트 견과류에 딸기 첨 추가해서 는데 네요 ㅠㅠ,수치인
조각케이크 2개 흡입한 요ㅋㅋㅋ,미분류
원래 잘 안재는데 9시쯤 우유도 먹은상태라 걱정에 한번 재보니,미분류
티코 아이스크림,미분류
임신확 후 제일먼저 하는일이 바로,수치인
스콘,미분류
비비큐 투썸케이크,미분류
마카롱 어용,미분류
파바 소프트치즈케익,미분류
호박죽,미분류
디카페 카누라떼 ㅠㅠ,수치인
요 중국땅콩 드셔보신분계세요,미분류
오뜨 치즈 너무너무 어용,미분류
말로만 듣던 미주라 쿠키가 있어서,수치아웃
오늘의 투썸바게트,수치인
저도 바삭바삭 크리스피한 무언갈 오독오독 싶은 욕구,미분류
검은콩 두유 괜찮아요,수치인
순대먹을까 마카롱먹을까 고민하면서,수치인
오늘 너무 싶어서 복숭아오거트 초코우유 반씩 잘라 는데,미분류
앤티앤스 크림치즈스틱,미분류
파바 베이비슈 감사합니다,수치인
스벅 치즈케이크,미분류
몽쉘3곽에 9900원,미분류
있어요,미분류
닥터유 단백질바 마싯네용,수치인
쪼코쨈 으쩌죠,미분류
바나나 초콜렛 타르트,수치인
아이스바닐라라떼디카페 으로 톨사이즈,수치인
간만의 일탈,수치인
스타벅스 딸기치즈타르트 ㅠㅠ,수치인
트레이더스 생크림크로와상 한개는무리네요 ㅎ,수치인
슐린 맞고있어요 반복,미분류
케이크 사놓고 ㅎㅎ 2시간 재고 바로 먹으려고,미분류
마카롱,미분류
에이스 믹스커피욧☕️,수치인
홈런볼 전자렌지나 스마트오븐으론 못돌리나요 ㅜㅜㅋㅋ,수치인
커피 한잔,미분류
너무 초코 싶어서 그냥 미떼 하나 타 어요,미분류
딸기,미분류
과카몰리와 아이비 1봉,미분류
과카몰리와 아이비 1봉,미분류
떡은 정말 최악이네여 ㅠㅠ,미분류
절제가안되네요 ㅠㅠ,수치인
빵밑에꺼빼고하나다 는데,미분류
파바 슈크림,수치아웃
첫일탈 ㅋㅋ 최애 핫바 한시간 84,수치인
점심식후 배고파서 을 미친듯이,수치인
다들 미주라 도넛 드시고 성공하시길래,수치인
사과반쪽,수치인
감말랭이 하루 몇개 도 되나요,수치인
미니크로와상 생크림케이크,수치인
유자 치즈케이크,미분류
닥다몰 쑥머핀 성공이긴한데,수치인
못참겠네요,미분류
머드스콘 한 덩이하고 사과 완전 쬐끔 는데,미분류
홈런볼,미분류
아이스크림은 아무도 안드시네요ㅠ,수치인
수미칩 반봉지,미분류
저지방 우유 반컵이랑 과자 양은 첫째랑 나눠 서,미분류
생밤 드시나요,수치인
치킨 드실때 콜라 안드시나요,수치인
치킨 드시나요,수치인
치킨 드셔보신분,수치인
이온음료 마셔도 될까요 ㅠ양수때문에,수치인
소보루빵 혈당 엄청튀네요,미분류
저는 을 맨날 우유 플레 요거트 과일만 는데,미분류
씨리얼에 우유,수치인
고구마 엄청 올라가네요,미분류
스벅 카카오초콜릿 스콘 망 ㅠ,수치인
마켓오 브라우니 무가당두유 요플레 한시간 후 혈당,수치인
그리고 저지방우유나 무가당두유 많이 드시던데,미분류
너무배고파서 통곡물식빵1장 무설탕두유 는데 1시간 120이하로체크해요,미분류
굽네치킨 순삭해버렸어요ㅜ,수치인
처음으로ㅜㅜ,수치인
스쿼트,미분류
무설탕 저탄수 콩브라우니,미분류
쟝블랑제리 단팥빵,미분류
탄수 질려서 초코송이먹엇네용,수치인
어제 통밀빵 저지방우유 야식 한시간후 124 나왔는데,미분류
탄수 좀 부족하게 먹은날 오곡쿠키,수치인
미주라 통밀도넛 1시간 124봤어요,미분류
굴국밥 에그타르트,미분류
필라델피아치즈케잌플레,미분류
떡볶이 빼빼로 치팅,수치인
스타벅스 클라우드 치즈케익,미분류
미주라 도너츠,미분류
아메리카노 티라미슈 성공,미분류
치즈케이크 행복하네요,수치인
노 에서 산 클루시 통밀크래커랑 우유입니다,미분류
계란빵,미분류
저는 남편 직업상 낮밤이 바뀌어 아침을 거의 남들 저녁먹을때 요 오늘은 공복혈당도 괜찮았고 89,수치인
열흘만에 처음먹은 참크래커 1봉,미분류
요거트,미분류
아이스 토피넛라떼,수치인
떡2개 두유1개 요,수치인
으로라면,미분류
혈당 재는 기준이요,미분류
방울토마토 오이 당근,미분류
착한 단백질 브라우니 라라스윗 바닐라 아이스크림,수치인
딸기 넘 좋네요,미분류
바로 산책하고,수치인
호떡 노래부르다가 급 뛰쳐나가서 어요,미분류
젤리스트로우,미분류
스타벅스 치즈케이크,수치인
미주라 통밀 쿠키 무가당 요거트 실패ㅋㅋ,수치인
슈크림붕어빵 2개,미분류
임당 확정 이후로 초코가 제 뱃속으로 들어온 건 처음이었어요,미분류
미주라 통밀도넛 사봤어요,수치인
신앙촌 런,수치인
먹은뒤 바로 걸어서 마트갓다가 장보고 걸어오니 딱 1시간되길래 집와서 쟀더니121,수치인
폭망했어요 ㅋㅋㅋ,수치인
수플레치즈케익,수치인
파바 후레쉬크림빵,수치인
크림치즈가 의외로 좋길래 빵만 호밀로 바꿔 종종 있네요,수치인
전 쬠씩은 괜찮은가바여,수치인
사과 반개 고구마 4조각 성공,수치인
명랑핫도그 에요,미분류
배스킨 민트초코,수치인
스벅 클라우드치즈케익 디카페 아메리카노,수치인
스타벅스 레드벨벳크림치즈,수치인
홈ㅍ 리얼 브라우니케익 볼께요 도전,수치인
부터 알아보게 되네용 ㅜ ㅋ,미분류
방울토마토 마음껏 도 괜찮을까요,수치인
삼립호빵 야채호빵,수치인
맥심 연아커피,수치인
이것만큼은 제발 혈당튀지않길 바래봅니다 ㅎㅎㅎ,수치인
단감 초코케잌,미분류
딸기,미분류
망고ㅎ,미분류
제가 원래 평소에는 과자 같은거 잘 안먹는데,수치인
위례 스타필드에 있는 한 식빵 앙버터 예요,미분류
호떡을 시도했는데 뭐죠,미분류
빵테두리는 반만,미분류
오 이삭토스트 베이컨베스트 성공이요 2시간후97,수치인
통밀 빵이 드뎌 왔긴 왔는데,수치인
생크림케이크 디카페 아메리카노,미분류
초콜릿 글레이즈드,미분류
붕어빵 2개,수치인
작은 잉어빵 두개,수치인
키위도 이제 빠이ㅜ,수치인
무가당 플레 요거트에 빵반조각 또는 오트밀 한줌 같이 먹다가,수치인
해주셨던 요거트 쿠키랑 나뭇잎 쿠키부터 뜯었는데,미분류
밥을 100현미로 바꿔서,미분류
쁘띠첼 치즈케익 첨 봤어요,미분류
설빙에서 혈당 걱정없는 빙수메뉴,미분류
노브랜드 치즈케이크 좋네요,수치인
맘스터치 성공요,미분류
노브랜드 솔틴크래커,미분류
은 얼마가 정상 가요 삼각커피 카스타드,수치인
과자 한봉,미분류
출산 후 정상혈당 회복은 정말 어려운걸까요 주절주절 ㅜ,수치인
아이스크림 너무 싶었는데,수치인
교촌치킨 설빙 절미빙수,미분류
강릉 육쪽마늘빵,미분류
맘스터치버거 실패네요ㅜ,수치아웃
점심 삼계탕,수치인
불닭곤약이랑 비빔면 맛나고요 머핀도먹을만해요,수치인
생크림케잌,수치인
혈당재기 2,미분류
사람마다 당류 적게 적힌 과자가 착한 이 아닐 수도 있나봐요 ㅠㅠ,미분류
오늘 슐린처방받았는데 속이 후련해요,미분류
애기가 크대요ㅜ,미분류
으로 치즈케잌 아메리카노,미분류
커피베이 치즈케잌 좋나요,수치인
끼리 치즈케이크 강추예요,미분류
미주라 보통 몇개씩 드시나요,미분류
파바 에그타르트 성공,수치인
스타벅스 돌체라떼 으로 ㅋㅋ,수치인
착한 통밀빵,미분류
아이비보다 달고 바삭바삭하니 어요ㅋㅋ,미분류
파바 체크무늬초코케익 성공,미분류
저녁 팝콘 ㅎ,미분류
빵이 너무 땡겨서 조금씩 했더니 확 늘엇나바요,미분류
롯데리아 데리버거 좋아요,수치인
다음날 케톤과 공복 잡는 저만의 비법,수치인
투썸 모어댄쿠키앤크림 케이크,수치인
빠바 피자빵 굿,미분류
혈당체크 5일째 연구해보니 내몸을 조금 알겠어요,수치인
연시,수치인
파바 호밀호두식빵 1장을 테두리 떼고,수치인
봤어요 ㅋㅋ,미분류
스벅 디카페 아이스 라떼 무지방우유 랑,수치인
오오 부러워요- 전 요거트 견과류 로만밀식빵 1장 더니 99 나오더라구요 빵때문 가,미분류
밤 감자 고구마 떡 진짜 노노예요 사악해요 ㅠ,미분류
요거트 요하임 플레 과일,미분류
홈런볼 우유,미분류
궁금합니다,미분류
으로 스벅 치즈케익 두유,수치인
허니월넛크림치즈 베이글 성공이용❤️,수치인
스타벅스 레드벨벳 크림치즈 케이크,수치인
찹쌀떡 ㅠ,수치인
스벅 클라우드 치즈케익 괜찮네요ㅎㅎ,수치인
플레 요거트 딸기케이크,미분류
전 오곡쿠키 한봉이랑 두유 자요,수치인
오후 호떡빵 어요,미분류
아이스크림 대신 두유 얼려먹기,수치인
아기 배크기요ㅠ,미분류
어제부터시작된 오후 몽쉘통통,수치인
매일견과 카카오닙스,미분류
스타벅스 단호박라떼,수치인
으로 와플 사진의 정확히 반 와플 아이스크림 바나나 키위 생크림 한시간 98,미분류
바나나 우유 견과류 한봉지,미분류
30주 0일 배가 너무 고파요,수치아웃
치즈소스에 푸욱 찍어서 나쵸 어요ㅎ,미분류
구구바 좋네용,미분류
몽쉘통통 1개성공이요,수치인
빅파이 2개,미분류
포도,미분류
눈꽃빙수 성공♡ 19분의 행복이예욤♡,수치인
바리스타,미분류
피자마루 1kg 치즈피자,수치인
월드콘 도전,수치인
피코크 치즈케익 성공이요,미분류
요아이스크림은어디서파나요아무편의점에있을까요 24시아이스크림매장에는없더라구요ㅠ,미분류
피코크 티라미슈,수치인
결명자차,미분류
홈런볼이랑 우유 한시간 112나왔습니다,수치인
치즈케이크,미분류
거부할수없는 빵의유혹😭,수치인
몽쉴하나먹을바엔 이거하나먹는게나은듯,미분류
이삭토스트 스폐셜,미분류
당화혈색소요,미분류
제가 이때까지 때 과자나 빵종류로 는데,수치인
앙버터토스트 아아메,미분류
피자,수치인
야식 몽쉘 요거트,수치인
못참고 빠바에서 소라초코빵 사와서 진짜 두칸씩 떼어서 으로 는데 간에 기별도 안가네요,수치인
칸쵸 우유,미분류
파리바게트 치즈케이크,수치인
치즈,미분류
오그래놀라ㅠㅠ,수치인
궁금한게있어요,미분류
미주라 토스트,미분류
사과,수치인
몽쉘이랑 생크림파이 돌려먹다가,미분류
일 탈 중 하 햄볶해,수치인
복숭아 성공,미분류
미주라 도넛보다 가 좋다니 😂,수치인
유지방 아이스크림이라 1시간봤고,미분류
순두부찌개 반성공 ㅋㅋ,미분류
샌드리아 에그샌드위치 반개 우유1잔,미분류
단백한끼 와 아침공복혈당 광고아니에요,수치인
미주라 도넛 폭망이용😂,수치인
미주라 토스트 폭발,수치아웃
뭔가 꽂혀서 당면도 다 먹겠다고 생각했지만 떡이랑 당면은 남기고,수치인
평상시대로 먹으래서 아침으로 이렇게 바로자고 알람 맞추고 일어나서 재봤어요,수치인
야식 곤약라면,수치인
트레이더스 콘칩,미분류
젤리랑 초코렛 좋아해요,수치인
치킨 야식,미분류
포도,미분류
두유가 우유보다 더 오를 수도 있나요 놀램요,수치인
라떼와 생크림식빵,미분류
미주라쿠키 네요 ㅋㅋㅋ,미분류
아오리사과,수치인
알콜솜이 없어요 ㅠ,미분류
호두파이 드셔보신분,미분류
공유해요 구구 아이스크림 파바샌드위치 치즈케익,미분류
오곡쿠키 2봉 1시간뒤 121,미분류
디카페 무지방우유 라이트시럽으로 해서 주문했는데,미분류
계란 5알 버터 7큰술 우유 250ml,미분류
팥찐빵 😂,수치인
라면이요,미분류
복숭아 성공했어요,수치인
설빙 절미팥빙수 한입붕어빵,수치인
식초물 주세요,미분류
버터오징어,미분류
이프로 부족할때 마시는분 계세요,미분류
저복숭아작은거 한개 155봣어요ㅜ무섭,수치인
튀김소보로 호두과자,미분류
키도 크래미 버터 크래커 1개 커피한잔 추가,미분류
쵸코파이나몽셀같은 은1시간 가요,미분류
빙수 도전,미분류
치즈케익은 사랑,수치인
몽쉘 도전,수치인
요거프레소 플레 요거트쉐이크,수치인
썸머킹사과 피자두 공유해요,미분류
얼음물에 먹태안주,미분류
스벅 리코타치즈케이크 디카페 카페라떼,미분류
자몽 혈당 간당간당,미분류
주세요,미분류
명랑핫도그,수치인
진짜 자두반개 방토3개 초코과자2개 간에 기별도 안가네요 배만고프고 ㅠ 멀 더 도되나요,미분류
우유랑,미분류
설빙 절미팥빙수,수치인
프랜차이즈 빙수별 당분 함량 표 공유해요,수치인
스타벅스 아이스바닐라라떼 디카페,미분류
요맘떼콘아이스크림 는데요,수치인
끼리 진한크림치즈미니케익,미분류
계란식빵,수치인
우연히 알게된 무가당 카페들어가서 사과식초에이드랑 생크림롤 는데 한시간 가 87나왔네요,미분류
생일날 기프트콘 받아서,수치인
두유 도 된단 얘기만 듣고,미분류
요거트는 30분 가요,수치인
임당확정 받았는데요 ㅠㅠ,미분류
치즈케이크 어용,수치인
넘 더워서 아이스크림 넘 싶어서 마트가서 슈퍼콘이랑 아이스가이 피치 하나 사왔어요,미분류
미주라 살구잼빵,수치인
라라스윗 초콜렛 맛,수치인
을 뭘 야할까욤ㅋㅋㅋㅋ,수치인
피자랑 까르보나라가땡겨욤ㅠㅠ으힝힝,수치인
비트차 혈당,수치인
설빙 절미빙수요,미분류
달달한게 너무 싶어서 이거 두가지 저지방 우유랑 같이 는데 1시간 107 나왔어용,미분류
아이스크림,수치인
마늘빵,미분류
점심 필라델피아오레오케잌,미분류
가봐야겠어요 빵이 일반 밀가루 거 같고 야채도 없는데 괜찮네요ㅎ,수치인
슈퍼콘우 1시간 120 측정들 하시던데 뭐가 맞는건지 모르겠어서요 ㅠㅠ,수치인
착한 어요 ㅎ,수치인
예전에 즐겨먹든 생크림파이 봤어요,수치인
설빙 절미마카롱빙수,미분류
끼리 스틱 치즈케익,수치인
수플레 혈당 괜찮네요,수치인
돌체라떼 싶은데 팁좀 주세요,수치인
사또밥,미분류
너무바쁜오늘,수치인
아이비1봉 저지방서울우유 200ml,미분류
소이조이 에너지바 맛나네여,미분류
우유도 같이 안 맨입에 는데,수치아웃
저녁 배가 너무고파서 9시넘어서 두유랑 오곡쿠키 한봉지 1시간 후 105나왔는데 괜찮은건가요,수치인
커피번 노노 ㅠ,미분류
오늘,미분류
부쩍 이 120 근처라 당분간 초코 은 빠이,수치인
홈런볼ㅎ,수치인
막바지 혈당 관리 안하면 좋을게 없을거같아,미분류
뚜레쥬르 치즈케잌,미분류
미주라 쿠키♡,수치인
밥은 계속 현미귀리밥 아침엔 호밀빵샌드위치 무가당 요플레 등등,수치인
아메리카노마시고 혈당체크시간은 어떻게 해야되나요,미분류
자두 2개,수치인
이에요,수치인
베스킨 아이스크림케이크,수치인
또띠아 올리브에양파볶음 계란1개 어린이치즈1개,수치아웃
저녁 입니다,수치인
홈메이드 뉴욕치즈케이크ㅔ,미분류
홍루이젠 햄치즈,수치인
배뭉침때문에 입원 3주만에 커피,미분류
슈퍼콘성공 오 예,미분류
롯데리아ㅡ핫크리스피버거 실패,수치인
맥스포테이토 아몬드브리즈,수치인
초코파이 좋아요,수치인
슈퍼콘,수치인
단호박 쪘어요 ㅎㅎ,수치인
견과류 땅콩 호두 아몬드 이런거는 30분 가요 1시간 가요 ㅜㅜ,미분류
슈퍼콘 베스킨라빈스도 꽤 괜찮은 여서,수치인
라떼 먹을때요,미분류
메론 빙수 일탈이지만 나름 성공이요,미분류
제로슈가 에너지드링크,수치인
Grains 쿠키,미분류
피코크 욜로우 아이스크림 성공,미분류
스타벅스 라떼 치즈케익 성공 ♡,수치인
과일이나 언제,미분류
탄수체우기 힘들어요,수치인
허쉬 초코유유,미분류
먹을때마다 체크하나요,미분류
팥 절미 빙수요,미분류
수미칩 오리지널 55g,수치인
첫 바주세요,미분류
양수부족 이온더핏,수치인
중간 중간 먹는,수치인
약콩두유 검정색도 맛나네요,미분류
지금 배가 고프면 우유를 조금 마시면 될까요,수치인
점심 젤 행복한 타임,수치인
복숭아 한개 ㅎㅎ,미분류
아침 으로 천도복숭아 작은것 1개와 크래커 또는 로만밀 식빵에 치즈1장,미분류
빵빠레와 호밀빵 그리고 탄수채우기,미분류
황도복숭아,미분류
수박 공유,미분류
쫄보의 체리 세알,수치인
베스킨라빈스 민트초코 성공이요,수치아웃
허쉬 카카오파이,미분류
우와아아 똥집튀김,수치인
오곡쿠키 도전,수치인
무가당 두유,미분류
초코바 공유요,미분류
아이스크림 하드류 싶을 때,수치인
저지방우유 앙버터다쿠아즈,수치인
아티제 마들렌 공유,미분류
포카칩 요,수치인
요샌 천도복숭아 한개 매일 먹다가,수치아웃
치즈케익 비교,미분류
신비복숭아,수치인
라라스윗 어요 하트뿅,미분류
초당옥수수,수치인
방울토마토가 왜케 달죠 드셔보신분,수치인
빵은 땅콩크림이 들어있어요,수치인
어제 초코렛 묻은게 너무너무 싶어서😭,미분류
맞아요 저도 천도복숭아 자두 신비복숭아 다 2개씩 있어요 그정도 나와요 간에 기별도 안가지만 ㅠㅠ ㅋㅋ,미분류
팥빙수는 연유안넣어도 폭망입니다,수치인
이디야 치즈케이크 디카페 아아,미분류
이마트 오믈렛 2개 ㅋㅋ,미분류
일리 디카페 은 괜찮더라구요 스벅 디카페 다 커피 그만 먹을뻔 했어요,수치인
천도복숭아,미분류
크림치즈파이,미분류
마카롱,수치인
천도복숭아,미분류
센쿡발아현미밥은 어디에,미분류
숙주나물 브로콜리에 부산우유가 나왔는데,수치인
배고플때,수치인
투썸 티라미슈,미분류
천도복숭아,미분류
립톤 액상 아이스티,미분류
아이허브에서 구매한 당뇨 용 초코칩쿠키,수치인
요거트 드셔보신분,수치인
삶은감자,수치인
비비고 왕교자 3개 최악,수치인
하루걸러 아이스크림 ㅠㅠ 안되겠죠 ㅠㅠ,수치인
미니스톱 소프트아이스크림 어요,미분류
제주애플망고,수치아웃
설빙 절미 빙수 떡 개수 세봤어요ㅋㅋ 탄수예민하신분들,미분류
카누 아이스 라떼 어요,수치인
필라델피아 오레오 치즈케이크,수치인
스타벅스 촉촉초콜릿 생크림 케이크♡,미분류
저도 설빙 초코나무빙수,미분류
미주라도넛과 저지방우유,수치인
미주라도넛 저지방우유,미분류
빙빙바,미분류
복숭아♡,수치인
미주라요거트쿠키 5개 서울우유200ml 지못미,미분류
파바 에그타르트,수치인
천도복숭아요,수치인
롯데리아 소프트콘 아이스크림,미분류
곤약젤리,미분류
저도 다이제 밥대신 그랬어요 최애 과자ㅋㅋㅋ,미분류
저도 오늘 미주라 도넛♡,수치인
폴라포 포도맛,미분류
햄버거나 돈까스 도 착하게 나오는데 과일은 먹으면 바로 튀어버리네요ㅜ,미분류
우리밀 오믈렛 그리고 수박 ㅜㅜ,미분류
지난번에 토마토 하나 30분후 오바되서ㅠㅠ,수치인
어쩔수없이 말차라떼와 수플레케익 ㅋ ㅋ,수치인
딸기생크림 초코와플,수치인
파리바게트 무지개 카스테라,수치인
바이오 플레 요거트 설탕0,수치인
교촌 반반오리지날 성공했어요,미분류
올해 첫 수박 어요🥺,수치인
에그타르트,수치인
캠벨포도 19알 ㅠㅠ 131 나왔어요,수치아웃
빵빵빵,미분류
파리바게트 치즈케익,수치인
브라우니,수치인
약콩두유,미분류
우유나 두유랑 으면 큰일날뻔 했을듯요,미분류
스무디킹 음료들 먹으면 튀나요,미분류
제 이디야치즈스틱이랑 비교를 해봤는데,수치인
특히 완전 싶던 쿠키슈까지,미분류
31주됐어요 정말 참고참다 어요ㅠㅠ 임당전에 아이스크림 과자 과일 진짜손에서 놓은적이없던저였는데,수치인
마카롱 3개 신랑이랑 나눠 어요 ㅎㅎ 아 슈페너,수치인
미주라도넛 트레이더스에 많이잇네염,미분류
미주라통밀도넛 서울우유200ml,수치인
치킨,미분류
빌리엔젤 치즈케이크,미분류
크리스피도넛😉,수치인
노브랜드 통밀크래커,수치인
슈퍼콘 딸기맛,수치인
치즈케이크,수치인
미주라쿠키랑 식초랑 무염버터시켜서 먹을려구여 ㅠㅠ,수치인
속상해용 ㅎㅎ,미분류
그린티초코설빙,미분류
아슬아슬했던 순대 내장,미분류
아몬드브리즈 언스위트 하나랑요 ㅋ,수치아웃
옥수수 펑튀기요,미분류
이마트 쿠키슈,수치인
치킨 복숭아 좋아요,미분류
콩물먹는데 대체설탕이요,미분류
소이조이 첫 도전,수치아웃
앵두,미분류
혹시 이 우유 드세요,수치인
배라 블랙소르베 맛 평가,미분류
어제 오늘,미분류
마카다미아 슈가프리 초콜릿 언제 재야하나요,수치인
라라스윗 너 ♡,수치인
수박 복숭아 멜론 싶은 과일 너모 많이 있는데,미분류
믹스커피 도전했어요,수치인
사라다 샌드위치,미분류
스벅 돌체라떼 디카페,미분류
트레이더스 쿠키슈😁,미분류
오레오 시리얼은 안되나봐요 ㅎㅎ,수치인
슈퍼콘 저도 봤네요,수치인
고말랭이 요,수치인
메론,미분류
부모님꺼는 일반 식빵이라면 제꺼는 로만밀통밀빵으로 만들었고,수치인
배고파서 콘푸라이트 한그릇,미분류
삼립 치즈케이크 좋내요,미분류
당근주스,미분류
구구바,수치아웃
라라스윗 요거트맛,미분류
이디야 치즈 스틱 케익 액티비아,수치인
오디 공유요,수치인
애슐리 초코케익😷,미분류
만두❤,수치인
치즈케익 ㅠㅠㅠㅠ,미분류
피자 세조각,수치인
저도 오렌지 토마토 자두 복숭아 이런건 좋은것같아요,미분류
플럼코트,미분류
수박 지지네요ㅠ,미분류
스타벅스 초코크로아상,수치인
오늘 혈당 착하게 나와서 상으로 치즈케익과 아메리카노 어요,미분류
부라보 아이스크림,미분류
슈퍼콘 어요😧,수치인
이요 ㅋㅋㄱㄱ밥 2시간후에 바로냠냠,미분류
파바 치즈케이크 1 2 절반 공유,수치인
유기농 아이스크림 성공 했어요,미분류
방금 도넛한개랑이랑 쿠키랑 아이스아메 는데 짱맛이네요,미분류
이디야 스틱치즈케익,수치인
슈퍼콘아이스크림,미분류
하겐다즈 그린티 미니,수치인
아이스 아메리카노,수치인
초코케익,미분류
한라봉 한개ㅠ,수치인
파바 통밀가득 로만밀 브레드 어떤가요,수치인
아침 샌드위치 우유 꽈베기 3센치ㅋㅋ,미분류
gs밀크레이프케이크,미분류
맥도날드 소프트콘 아이스크림,미분류
요즘 맛들려서 쟁여두고 먹는 블루베리랑 복숭아,수치인
이디야 치즈 케이크,미분류
주말엔 스벅,미분류
꼬북칩 넘 맛나네유ㅠㅠ,미분류
레드글로브 드신분이요,미분류
이디야 허니 브레드feat 생크림 4조각 1h후 127,미분류
오늘 점심 후 오징어집과 우유 130,수치인
식후 한치 건어물 는 어떤가요,수치인
케이크들이 의외로 가 다 착한편이네요,수치인
저녁먹기전 배고파서 오렌지2개,미분류
초코브라우니☺️,수치아웃
1시간 120 가요 오징어집과 우유ㅜ,미분류
수박 100g 당 1도 알 올랐어요,수치인
임당이후 한달반만에 첫 아이스크림이에용 ㅎㅎ,미분류
출출해서 우유200ml 호두 한알 정도 잤어요 ㅋ,미분류
이시간에 꼭 배고파요,미분류
라라스윗 아이스크림,수치아웃
최애 과자 데 임당 전에는 큰 거 한봉지 가까이씩 는데,수치인
야식으로 비요뜨초코링 하나,수치인
야식엔 치킨,미분류
많이 보고서도 초코는 두려워서 못시키고,수치인
35주 하루 2시간씩 걸으라는 선생님ㅋㅋ,수치인
고메핫도그,수치인
수박,수치아웃
연유라떼,미분류
끼리 치즈케잌,수치인
으로 통밀크림빵 어요,수치인
아몬드브리즈 언스위트요ㅎㅎㅎ,미분류
빵수니 임당 의 이에영 제로베이커리요,미분류
그릭요거트 미주라쿠키,수치아웃
찐빵 수퍼100,미분류
맥도날드 햄버거 성공했네용 ㅎㅎ,미분류
오랜만에 과일 ㅎㅎ,미분류
단팥빵 반개 공유해요,수치인
두부크래커 한시간 111,미분류
도미노씬피자미디움,수치인
오늘 날씨가 엄청 좋네요 햇빛한번씩 쐬시면서 즐거운 시간 되시길 바랍니다,수치인
참을수 없어서 파리바게트 달려가서,수치인
떡도 5개정도 먹은거같아요 배불리 서,수치인
이거 구구오리지널맞나요,미분류
아 자두복숭아 제일 좋아하는데 저희동네는 왜 없는걸까요ㅜㅜ,미분류
스타벅스 클라우드치즈케이크 성공이요,수치인
구구오리지널 감자탕,미분류
누크바 혈당,미분류
수신메론 어요,수치인
자두♥,미분류
참외,미분류
설빙 절미 빙수 성공이요 -,수치인
에그타르트 착해요,수치인
떡은 사악하다고 하는데 다들 어떠셨나요,미분류
크림초콜렛 라떼,수치인
새벽배송 로만밀식빵시키면서 같이 주문해봤어요,미분류
올해 첫 복숭아 네요,미분류
초코케익성공이요,미분류
아아비 1봉지로 카나페만들었어요 만들면서 2조각은 제가 다섯조각에 크림치즈 얹고 방울토마토 반개만 올렸어요,수치인
이거 너무 네요ㅎㅎ,미분류
상큼한 자두,미분류
천도복숭아 공유해요😋,수치인
아침식후혈당,수치인
그릭요거트 짱짱 맛나요,미분류
맥도날드 솔티카라멜콘,미분류
헛 유동부 단팥빵 괜찮으세요 저 단팥빵 넘 싶은데 엄두도 못내고 있었어요,수치인
와 옆에치즈감자가더 싶네요 ㅎㅎ,수치인
소이조이 초코 아몬드맛 한개,수치인
수박,미분류
단팥빵이요ㅠ,미분류
뚜레쥬르 초코도넛🤨,미분류
코코넛쌀과자 요거한번봐주세요,미분류
싱글레귤러컵으로 죠리퐁 맛이랑 뉴욕치즈케이크맛 는데,수치인
저도 토마토는 과자랑 도 잘나와서 자주 같이 요,수치인
초코티라미스조각케익 🤨,미분류
어젠 첫애데리고 영화보러갔다 화장실에 잠바두고오고 ㅡㅡ,수치인
소이조이 아몬드 초콜릿,수치인
끼리 크림치즈롤 해요,미분류
혹시 마시는요거트 으로 드시나요,수치인
오늘 종일 샌드위치 샌드위치 파스타 반 네요,미분류
수박 충격,수치인
초코가땡겨서 ㅎㅎ,미분류
햄 치즈 올리고 오븐 온도 180도에,수치인
파바 블루베리듬뿍롤케익,수치인
자두 공유요😉,미분류
구욘 슈가프리 초코칩쿠키,수치인
참외 어요,수치인
포카칩 오리지널 한봉지 공유,수치인
블루베리,미분류
오늘 하루만 그냥 먹으라며 호두과자랑 핫도그를,수치인
치토스 바베큐맛,미분류
맘모스빵 메론빵😋,미분류
시댁 모임 있어서 1시 이후에나 밥 먹을텐데 치아바타 핫도그 하나 야겠어요,수치인
편의점 슈크림빵,미분류
슈크림빵 공유,수치인
소세지빵 공유,수치인
달고 시원한 아이스크림 야하는 날씨ㅋ,미분류
사과 먹듯 자르지도 않고 홀랑 네요,수치인
미니머핀 괜찮네요,수치인
치즈케이크 일탈은 항상 착해서 기분좋네요,수치인
에스프레소프라프치노,미분류
오늘 오레오케이크랑 초코라떼 어요,미분류
홍루이젠 치즈맛,수치인
스타벅스 에스프레소 프라푸치노 용,수치인
미주라 비스켓이요,수치인
스타벅스 그린티라떼요,수치인
참외 식후혈당,수치인
파리바게트 초코소라빵 성공적,수치인
버터링,미분류
페스츄리 식빵 으로 어요 요,수치인
떡볶이,미분류
르타오 치즈케익 어용,수치인
5시 참외 작은거 하나 우유한잔 먹구 있어영,수치인
괜찮은거 같아요 전 아몬드 초코랑 아몬드 카라멜 봤는데 카라멜은 한박스 샀는데 먹기 싫어고 ㅠㅠ초코는 구요,수치인
아침부터 애기등원시키고 운동삼아 동네 한바돌면서 cu찾고,미분류
홈플에파는 이빵,미분류
이디아 초코케익 공유,수치인
저두 따라해바써요,미분류
엄마표 쑥개떡 어요,미분류
라라스윗 좋다고 하셔서 구매했어요 먼저 바닐라 는데 가 한시간 103 나왔어요,미분류
오늘 비오길래 이디야가서 라떼랑 치즈케잌 일탈ㅋ,미분류
공차 블랙밀크티 펄 ㅠㅠ,미분류
씨유 띵작 딸기모찌롤 저는 안좋네요ㅠ,수치인
사과 30분 괜찮을까요 ㅠㅠ,수치인
임당후 첫 아이스크림,수치인
사과1개 오렌지1개,수치인
티라미수 혈당 진짜 좋네요 ㅋㅋ,미분류
헐 이렇게 는 아이스크림이었나요,수치인
파바 통일식빵,수치인
참외 하나 뚝딱,수치인
수제쿠키 좋네요😆,미분류
바삭한 과자가 싶어서 닥다몰에서 이것저것 구입했어요,미분류
무설탕저탄수마들렌도전♡,미분류
저염라면 내일을 위해서 라면,미분류
쁘띠몽쉘 1시간,미분류
구구바 30분,미분류
투썸플레이스 케익 공유해요,수치인
신랑꺼 매운소세지 핫바 지,미분류
아이스크림 비비빅 흑임자 끌레도르 끼리 크림치즈,수치인
미주라 요거트 쿠키요,수치인
전 요거트만 봤었는데 다른것도 괜찮네요 도너츠 반개랑 허니 3개 봤거든요 미주라 맘에 들어요♡,수치인
자기전에 아몬드브리즈나 우유 많이드시더라구요ㅠㅠ 전 아몬드브리즈 100ml정도 마시구자요,수치인
엄청 오랜만에 초코과자 봐요,미분류
빼기 뭐해서 투썸 밀크티 케익 한조각이랑 쏘세지빵 시나몬빵 한입정도 크기로 어요,수치인
참외 공유,미분류
찹쌀꽈배기 공유해요,미분류
요새 참외가 나오는 철 가봐요 😓😓😓,수치인
식사에 키위드레싱 먹으면 패스해야될까요,미분류
요즘 딸기 넘 어요,미분류
99라이트바 드시는분 계신가요,미분류
구구콘 오리지널,수치인
으로 구구아이스크림많이드시던데,수치인
노브랜드 코코넛쿠키,수치인
전 베이컨이 좀 높게 나와서 안에 있는 베이컨 빼고 마지막에 남는 빵부스러기 안 고,미분류
임당확정 후 아이스크림을 본적이 없는데ㅋㅋ,미분류
자몽청 안되겠죠,수치인
영양부추전 만들었어요,수치인
치즈소스 듬뿍 찍어 는데 일반 과자보다 혈당이 낮네요,미분류
오이 반개 먹구 버거킹 치즈 햄버거 뚜껑 날리고,미분류
청포도,미분류
트레이더스 생크림크로와상,수치인
아몬드 몇알에 방울토마토 5알,미분류
돌체라떼 핫초코,미분류
저거 빵 어때요 먹을만한가요 딱딱하다고 하던데,미분류
커피번 우유,수치인
크로와상 아이스모카디카페,미분류
한약이랑 찐빵 어용,미분류
우유 과일 2단위라는데,미분류
미주라 쿠키 구입할때 참고하세요,미분류
쁘띠 몽쉘 한입몽쉘 사왔어요 ㅋ,수치인
파바 통밀샌드위치,수치인
다들 을 식간별로 한번씩 드시나요,수치인
필라델피아 치즈케잌 ㅠ ㅠ,미분류
연유도 반정도 넣고 떡이랑 진짜 양껏 는데,수치인
삼립치즈케이크,수치인
꼬칼콘,수치인
오늘 혈당 좋아서,수치인
트레이더스 생크림크로와상,수치인
구구 오리지널 도대체 누가 괜찮다고 했나요 •︠ˍ•︡,수치인
체리 저지방우유 참크래커,미분류
치케 디카페 커피 어요,미분류
비비고 왕교자,수치인
비요뜨 초코링,수치인
치즈 해요,미분류
■■ 원더맘스와 함께하는 일정소문내기이벤트 당첨자 총 13명에 도전하세요 ■■,미분류
딸기라떼 실패,수치아웃
마카롱 두개 공유,미분류
임당 4종 도전,수치인
출산후,미분류
그런데 도 탄수화물 우유 과일에따라 재는 시간이 다른가요,수치인
아몬드브리즈 참크래커,미분류
방울토마토 착하네여,미분류
참크래커 유일한 과자,수치인
점저 현미떡,수치인
방울토마토 마니 먹으면 안되나요,미분류
방울토마토 아이비과자한봉지,미분류
생크림파이,수치인
딸기모찌,미분류
캬라멜마끼야또 저탄수빵,미분류
에그타르트,미분류
탄수 을 야겠다 생각하고 오징어땅콩 과자에 손을 댔어여,수치인
위에빵은 안 두가지 반반씩 가만히 앉아있고 누워있다가 121찍었네여,미분류
붕어빵,미분류
꿀떡한팩,수치인
붕어빵이 너무 싶어요,미분류
홈런볼 한봉 다이제미니 한봉 성공적♡,미분류
원래 콘칩작은거 먹을랫는데 없어서 허니버터칩 작은거 하나랑 자가비 작은거 하나 요플레 어요,수치인
콩당베이커리 튀었네요ㅠㅠ 추가글,수치인
으로 드셔보세요 초코우유맛이에요,미분류
미주라 나뭇잎 쿠키,수치인
저는저지방우유하나랑 바나나4분의1조각 어영ㅎ,수치인
코스트코 치즈피자 반조각 최고혈당찍었어요 ㅠ,수치인
빵빠레,수치인
붕어싸만코 녹차맛,미분류
카레 공유해요,수치인
요플레 레드향 변비탈출 JMT,수치인
미주라 3개랑 저지방 우유 한컵,미분류
홈런볼 1봉다리 다 어요,수치인
딸기 통밀빵 크림치즈♡,미분류
치즈케이크 한조각 사과80g,미분류
딸기 2단위 한꺼번에 도 되나요,수치인
제로베이커리 심쿵 초콜릿 타르트,미분류
초코빵빠레,미분류
이거 성분표좀 봐주세요 ㅠㅠ,미분류
설명에 당뇨로 고생하는 부모님을 위해 만들었다고 써있길래 재밌어서 구입해봤는데 생각보다 바삭바삭하니 네요,미분류
초코잼 괜찮네요,수치인
제로베이커리 쿠키 머핀,수치인
구구콘 첫도전 30분 후 혈당체크,미분류
쇼코아틀리에 비건 다크초콜릿,미분류
구구 꿀호떡 프링글스ㅡ당 적은걸로 사왔데요,수치인
한과먹구 식후2시간ㅋㅋㅋ요가45분햇는데 헬이예요,미분류
양파크림치즈빵 촉촉한 초코칩 두유,미분류
다이제2개 디카페 카누 1시간후 혈당체그,수치인
파리바게트 찹쌀팥도넛 소세지빵,미분류
카페글보고 혹시나해서 아메리카노랑 이디야 치즈케익 한번 봤는데 저는 109 나왔어요,미분류
치즈케잌 약콩초콜렛 미주라비스켓 라떼,미분류
파리바게트 호두아몬드케익,미분류
호떡한개 선방했네요,미분류
아몬드 프레즐 시나몬프레즐 크림치즈스틱이요,수치인
몬나니 치즈케이크,수치인
방금 스벅 치즈케익 도전,수치인
근데 저 떡먹으면 안되는건 모르셨는지ㅠ,수치인
두유,수치인
저의 최고 ㅎㅎ,수치인
알볼로 목동피자 성공이에용,수치인
영양제,미분류
야식,수치인
나뭇잎쿠키3 4개에 우유한잔해서 112나왔던걸로기억해요 몇번재보고 통과하는거 또안재서,수치인
두유주문 남편의 선택 😂,미분류
1시간 더지나서 바나나 한개다먹엇는데ㅋㅋㅋ,미분류
아몬드가루로 핫케이크 만드는건데 그냥 간단하게 밥솥케이크 해 요,미분류
맥도날드 상하이 치킨스낵랩,미분류
죠리퐁에 우유 말아먹기,미분류
일반단짠과자일탈이요,수치인
라라스윗 ♡,수치아웃
고삐풀려서 어제저녁 엽떡에서 엽기닭볶음탕을,수치인
백미당 두유아이스크림,미분류
미주라 나뭇잎 비스킷 언스윗아몬드,미분류
치즈케이크 좋은거 해주세요❤️,수치인
좀해주세용 탄수가부족한것같다고해서 으로보충하게요 통밀빵해서 야채랑 치즈 괜찮을까요,수치인
탐앤탐스 핫프레즐 ㅋㅋ도전해보겟습니다,미분류
오늘 회사에서 피자 스파게티 콘치즈 콜라 케이크 한입도 손에 안대고 다 참았던 걸 완전히 보상받는 느낌,수치인
고구마콘그라탕 그건안먹구,수치인
바나나우유,미분류
혈당 시간이요,미분류
미주라 초코 크로와상 1시간 공유요,미분류
끼리 치즈케이크 진짜 네요 ㅠㅠㅠ,미분류
미주라 제품이 크래커 오곡토스트 요거트비스킷,미분류
송이토마토,미분류
초코바,미분류
막달되니 속이 답답,미분류
겸 점심으로 라떼랑 멜팅치즈 깜빠뉴 시켰어요,미분류
사탕하나 도될까요ㅜ,미분류
취침전,미분류
치즈케이크요,미분류
호두파이 성공이요,미분류
으로 현미 누룽지를 도 될까요 밥은 바로 현미로 바꾸기는 했습니다,수치인
초코파이,수치인
당뇨교실에서 소이조이 나눠주던데,수치인
라라스윗 아이스크림 혈당 굿,미분류
코코아 초코브라우니 초콜렛 초코쿠키 다 샀어요,미분류
치즈케이크 1시간 119나오네요,미분류
이용,미분류
곳감이너무 싶어요ㅠ,수치인
이요,미분류
라라스윗 아이스크림 좋아요,수치인
대체설탕 입니다,미분류
취침전 이요,수치인
방울토마토요,수치인
34주 너무착한 아이스크림,미분류
쿠키 구워 요,미분류
다들 어떻게 드세요,미분류
미주라 쿠키는 어제 배송이 와서 궁금해서 한개만 해봤고,미분류
시샤모,수치인
2시간 있다가 저지방 우유 반컵 치즈 1장,미분류
체리 다이젯초코,미분류
나름 일탈이라고 생각했는데 정상 ㅎㅎ,수치인
유동부 통밀빵ㅋ엄청 크네요,미분류
다이제 미니 홈런볼 초코,수치아웃
역시 떡은 먹으면 ㅜㅡㅋ 튀네요,미분류
요플레랑 사과 반쪽 는데 나름 괜찮았어요,수치인
배가 너무 고픈데요 ㅠㅠ,수치인
토마토 갈아 마시면 안됩니다,미분류
이요,미분류
붕어빵 107 ㅋ,수치인
빙그레 더엑설런트 오리지널 아이스크림,미분류
사진은 없네요ㅜㅜ 어육함량이 높은거 치즈든거 새우든거 어욕 햄이나베이컨들어간건 안하구요,미분류
이거 해요,수치인
곤약면 쿠키 브라우니 초코우유 과자 엄청 시켯어요 닥다몰에서ㅎㅎ,수치인
미주라쿠키 네요ㅠ입이 기뻐해요ㅋㅋ,미분류
파리바게트 초코케잌,미분류
무가당 두유 오늘 처음 봤어요,미분류
닭한마리와 붕어빵,미분류
미주라쿠키는 딸기랑먹음안되는걸까요,수치인
취침전 으로 계란과 우유 어떨가요,미분류
저도 몽쉘 시도해 봤어요,미분류
저는 홈플 몽블랑 초코케잌이요,수치인
딸기생크림케잌 좋아요,미분류
파리바게트 후레쉬슈 공유요,미분류
플레 요거트 딸기 5알 사과 1 2이에요,미분류
과일 싸간거 귤 사과 한조각 배 한입,미분류
타임,수치인
밤에 눈이 돌아서 과자를 다가 피봤네요 ㅠㅠ,미분류
맥도날드 소프트콘 성공,미분류
돼지껍데기를 팝콘처럼 만든건데 저는 가끔 단백질 부족한 듯한 날 요,수치인
코코볼라떼 는 헬ㅠㅠ,수치아웃
혹시 아가들이 먹는 과자는 으로 괜찮나요,수치인
스벅 리코타치즈케이크랑 디카페 아메 좋아요,수치인
오전간신으로 루카스나 라떼,수치인
토마토는 으로ㅋ,미분류
먹은 다음 혈당측정,미분류
이과자 너무좋아하는뎅 임당당첨되고,미분류
단팥빵 에요ㅋㅋ,수치인
통밀빵 오늘 택배받았네요,미분류
미주라 시리얼비스켓 보다 통밀비스켓이 훨씬 달아요ㅡㅡㅋ,미분류
콜라비 반개 으로 먹는중이에요,미분류
두유만한게 없죠 1 번가 매일두유랑 아몬드브리즈 할 하더라구요,수치인
전 치킨 나서 바로 참크래커 요 ㅎㅎ그래도 안에 들더라구요,수치인
몽쉘도 굿이에요,수치인
몽쉘이랑 우유랑 같이 드신거죠,미분류
라라스윗 녹차 아이스크림이랑 우유 얼음 넣구,수치인
딸기8개 굿,미분류
무가당요거트150g 미주라쿠키3개,미분류
오전 스타벅스샐러드,미분류
저녁 한라봉,미분류
예감 치즈그라탕,수치인
으로 스타벅스 아메 치즈케익 94,미분류
자기 전 야채크래커 랑 사과 반쪽,수치인
감기약도 혈당 올리나요,수치인
치즈케이크 조금에 아메리카노 마시고 한시간 혈당이요,미분류
이번주에 케어센스N으로 바꾸면서 시험지로 한 이틀썼는데 혈당이 갑자기 너무 튀어서 걱정했거든요,미분류
저녁 으로 감동란 어요,미분류
스콘 이요,수치인
스턴트 라떼한잔,수치인
치즈케이크,수치인
뭐드시나요,수치인
저는 미주라토스트는 한개 또는 혈당이 100이하일 경우 한개반까지만 요,수치인
엑설런트 아이스크림 좋아요,수치인
보통은 우유200 다른거 해봤자 참크래커1봉 먹습니다,수치인
딸기 꿀맛이네욥,미분류
롤케이크와 우유,미분류
찹쌀 호떡,미분류
딸기생크림케이크 성공이용ㅋ,미분류
핫초코,미분류
과일이든 쿠키든 과일은 30분뒤 탄수 은 1시간뒤 120이하 혈당으로 괜찮으면 조금 더 도 괜찮은가요,수치인
수제요거트,수치인
하루 견과류 많이 나오나요,수치인
탄수 이요,미분류
고구마 딸기모찌떡,수치인
크림바바 슈크림빵,수치인
저녁 고구마 어요ㅋㅋ,미분류
콘으로 사야할지 몰라서 사왔는데 봐주세요 ㅋㅋ,수치인
구구 오리지널,미분류
딸기요거트,미분류
코스트코 - 치즈케익팩토리 치즈케이크,수치인
몽셸은 아닌가봐요,수치인
포도 몇알 야 할까요,미분류
파리바게뜨 치즈케익,수치인
필라델피아 치즈케잌,미분류
토스트는 빵대신 식사대용으로 먹으려고 하는데,수치인
겨울엔 역시 감귤이죠,미분류
오곡쿠키 이거 맞나요,수치인
견과류랑 탄수 을 같이 먹음 안되나요,수치인
필라델피아 치즈케잌 넘나 찐하고 어요,미분류
생각보다 성공한거같아요 ㅎ,수치인
다이제초코3조각 우유120ml 조절실패에요 ㅠ ㅠ,수치인
딸 아이도 좋아해서 여러가지 맛 사놓고 서로 바꿔먹곤 한답니다,수치인
미주라쿠키,수치인
바나나 요,미분류
통밀 계란빵 구워봤어요,수치인
저탄수빵 갓스테라빵에 단맛은 대체설탕넣어서 만들었답니다,수치인
바깥의 튀김옷이 탄수고 닭똥집은 단백질 일테니 괜찮다며 합리화시키고 ㅎㅎㅎ,수치인
스벅 치즈케잌,수치인
호떡 봤어요,수치인
에그타르트 우유,수치인
이욤,미분류
마켓 아이스박스 케이크,미분류
토피넛 라떼,수치인
이디아 치즈케잌 먹으려는데 얼마만에 재요,미분류
혈당 안올리는 믹스커피,미분류
스벅 오가닉 그릭요거트 어때요,미분류
귤 1개,수치인
근데 점심에 한번 쟀더니 곡물빵에 딸기잼 131로 오바 됬길래,수치인
으로 통밀빵 한쪽 티스푼 딸기잼,수치인
밤식빵,수치인
저의 추가로 도 해주세용,수치인
옛날통닭 반마리 103 나왔어요,미분류
고려명과 키토꼬소빵 키토 크림치즈 쿠키,미분류
11 7 연근칩 ◡̈,수치인
필라델피아 치즈케익,수치인
스타벅스 치즈케익1 2 좋아요,수치인
삶은 달걀 1개 귤 1개,미분류
파리바게트 생크림소라빵,수치인
청주오믈렛 망했어요ㅜㅜ,수치인
큰맘 오늘 로만밀식빵이랑 땅콩잼샀어욥,수치인
아몬드브리즈 한팩,미분류
저녁식사후 씬피자1조각 144ㅠㅠ,수치인
뚜레쥬르 치즈케이크 공유,수치인
마카롱 반개 어요,미분류
전 미주라쿠키 2개,미분류
청주 오믈렛이 르브레드랩,미분류
수플레팬케이크 좋아용,수치인
월드콘 좋네요,미분류
유기농 블루베리 요구르트,수치인
스타벅스 스콘 큰 반개 성공 ㅋㅋ,수치인
저도 붕어빵 어요,미분류
죠리퐁라떼입니다,미분류
붕어빵 어요,수치인
저녁 127 찍고 바로 쿠크다스3개 는데107찍었어요,수치인
플레 요거트에 넣어먹구 방토도5알정도 는데,수치인
으로 찹쌀떡 1시간뒤 120 가요,미분류
생크림케익 완전 착해여♡♡,미분류
핫바중좋아하는 떡핫바,수치인
스벅 스콘 반개랑 라떼 톨,미분류
이 두유 괜찮은거죠,수치인
허니듀 멜론 1시간 공유해요,미분류
오늘 일탈 제대로해요 ㅎ 생크림케익 도전,수치인
아침에 일어나서 공복90으로 과일로 아침을 그냥 먹자 싶어서 사과 반쪽이랑 키위한개 드레요,미분류
아 찰떡아이스 가 ㅠㅠㅠ,수치인
깜빠리 토마토 으로 어용,수치인
모시떡 123,미분류
초코빵빠레 진짜 검증완료,수치인
에 빠진 날,미분류
감자튀김,미분류
한 시간후에 크리스피롤 2개랑 아몬드브리즈 언스위티랑 한 시간후 97나오네요,수치인
쑥떡이 너무 땡겨요,미분류
물만두♡,미분류
반개랑 우유반잔 마셨는데,수치인
칼로리낮고 당 낮고 칼슘많은 두유,미분류
호밀식빵으로 샌드위치 는데 식후 2시간 149가 나왓어요,미분류
오뜨 초코맛 랑 저지방우유 30분뒤에 재나요,미분류
아 치즈케익 ㅜㅜ,수치아웃
그리고 또 2시간후쯤 자기전에 케톤때문에 아이비비스켓3개랑 우유반잔먹구요,미분류
맛날것 같아요 두부과자 좋아하는데 ㅠ 저는 한봉지 다 먹을 것 같아서 못사오겠네요 ㅋ,수치인
오전 으로 방울토마토ㅜㅜ,미분류
천하장사도좋드라구요 저소세지에 아몬드첨가해서 도 완전 어요ㅎ,미분류
아이스크림 ♡ 밥 바로 도 착해요,수치인
얼린우유 오디,미분류
이거 도될까요,미분류
밤9시에 크리스피도넛 는데 공복혈당 좋네요 ㅎ,수치아웃
아침으로 어제 시켜먹은 고추바사삭 남은거랑 블루베리넣고 샐러드해 어용♡♡ 오리엔탈,미분류
으로 우유대신 이거 도 되겠죠 어차피우유도 당류 저정도는 되던데,미분류
이삭토스트 소스 레시피를 찾았는데 ㅠㅠ,미분류
식후 3시간 쯤에 천도복숭아 하나 30분후 측정하니 90대나왔었어요 ㅎㅎㅎ 하나정돈 착한거같아요,미분류
으로 카스타드1개랑 저지방우유 마셨어요,수치인
치즈케이크혈당좋네요,수치인
파바 딸기듬뿍티라미수 케익 공유해요,미분류
키위요거트 이요,미분류
자두2개에 아이스라떼한잔했는데 보통 뭐드세요 과자 해주세용 통밀다이제말구오,수치인
라이트엔젤 아이스크림,수치인
운동후,수치인
견과류 블루베리 우유,미분류
홈메이드 팥앙금 사용한 빙수 입니다,수치인
천안에 다녀오신 직원분이 사온 호두과자,미분류
조금 늘려도 되겠다 싶어 두조각 늘리고 아몬드 추가했는대,미분류
맥ㅅ 아이스커피 결과요,수치인
으로 미주라 씨리얼쿠키 2개 아몬드브리즈언스위티를 어요,미분류
먹는 것,미분류
이 곤약젤리 도될까요,수치인
노브랜드 치즈케이크,미분류
에그타르트랑 우유 는데 1시간 후 혈당 체크 하면 되나요,미분류
밀가루는 조금이에요,수치인
초코랑 생크림맛 입니다 1시간후 86이네요 너무 이상해서 다른 손가락 해보니 88 성공이에요,수치인
당뇨 초코우유 혈당 좋아용 ㅋ,미분류
사과 75g 방울토마토 175g 키위 80g,수치인
ㅠㅠ,미분류
매 넘 미니 아이스크림,수치아웃
하루견과,미분류
에그타르트,수치인
늦 점 먹구,미분류
플레 요거트,수치인
천도복숭아 요,미분류
임신 35주 영양제 드시는분,미분류
버섯 소 불고기,미분류
스벅입니다 ㅋㅋ,미분류
오늘아침샌드위치,미분류
오늘아침샌드위치,미분류
양배추즙괜찬은거같아요,미분류
목살 스테이크♡,미분류
이거드신분계신가요,미분류
44일째 입원중 조산기 맘님들 힘내요,미분류
천도복숭아 괜찮아요,수치인
혹시 드시고 주심 안될까여 용 지 식사용 지ㅠ 우유 두유만 돌려막기 하는데 질려요ㅠㅠㅠㅠ,수치인
맘님들 애기는 잘크고 있지요,수치인
약콩두유,수치인
맥도날드 아이스크림콘,수치인
혹시 소프트아이스크림,수치인
좀전에 다녀온 스타벅스,미분류
필라델피아치즈케익 도전햇어요,수치인
이거혹스드셔보신분계신가여,미분류
도와주세요,미분류
아이비1봉지 치즈1 하루견과 요플레,미분류
두유 급,미분류
탄산이 땡기신다면,수치인
통밀이라도 안튀는건아닌거같아요 전미주라 도넛 튀더라고요 밥대신먹으니 캐톤이나오고 그래서 전안 있어요,미분류
포카칩,미분류
저 요플레 아침에 자주 요 간단샌드위치랑 같이 먹는데 괜찮구요,수치인
우유 횟수,수치인
곤약젤리 이용,수치인
몽쉘통통 한시간뒤 입니당,미분류
으로 뭐드세요 ㅜㅜ,수치아웃
에그타르트 어여 ㅋ,미분류
새로나온 초코파이예요,수치인
구구콘,미분류
이거 맞나요,수치인
커피ㅜㅜ,수치인
자기전우유말구저녁식후 뭘 먹음좋을까요,수치인
점심 후 미주라토스트 2개랑 오이 반개 정도 먹구,수치인
찰보리빵,미분류
온동네 슈퍼 다 뒤져도 없더니 아이스크림 전문매장에서 5박스 다 업어왓어요,수치인
호두마루 아이스크림,미분류
ㅇㅕ기에 아몬드 8알추가요,미분류
달달구리안된다니 더 싶은가바용 ㅠㅠ,수치인
칼라만시요,미분류
푸딩이예요,수치인
양배추즙 처럼 먹을까하는데 너무 다 해서 사과즙이 약간 들어간걸로 먹을까해요,수치인
임당에 방울토마토 괜찮나요,수치인
씨리얼 수제 요거트,미분류
한살 두유 노랑콩쌀쿠키 괜찮아요,수치인
곤약젤리 어요,미분류
저도 보았습니다 미주라도넛,수치인
공차 타로밀크티,수치인
아이스크림 덕후 데 임당걸리고 나서 완전 끊었었거든요,미분류
골드 자몽,수치인
피 크 벨기에 초콜릿,수치인
치즈케이크나 구구아이스크림 비스킷 같은것도 1시간 후 120 체크하면 될까요,수치인
간식,수치인
떡 궁금해요,수치인
요것도 치즈로 되어 있어서 그런가,미분류
아이비랑 바나나 126나와요ㅠ,수치아웃
미주라 요거트 비스켓은 통밀이 아니라 안되죠,미분류
아몬드를 으로,수치인
통밀쿠키는 설탕은 적혀있고 바삭하게 씹히는 질감에 건강한맛 다이제 느낌,수치인
